47;Y3Vyc29yOjQ4;couds/react-bulma-components;react-bulma-components;https://github.com/couds/react-bulma-components;1031;react-components;2017-09-18 15:14:39+00:00
60;Y3Vyc29yOjYx;pivotal-cf/pivotal-ui;pivotal-ui;https://github.com/pivotal-cf/pivotal-ui;638;react-components;2014-05-16 18:52:56+00:00
61;Y3Vyc29yOjYy;sumup-oss/circuit-ui;circuit-ui;https://github.com/sumup-oss/circuit-ui;638;react-components;2017-06-26 09:57:50+00:00
64;Y3Vyc29yOjY1;digiaonline/react-foundation;react-foundation;https://github.com/digiaonline/react-foundation;574;react-components;2016-03-10 19:58:03+00:00
224;Y3Vyc29yOjU3;uiwjs/uiw;uiw;https://github.com/uiwjs/uiw;538;react-component;2017-10-26 11:39:32+00:00
72;Y3Vyc29yOjcz;patternfly/patternfly-react;patternfly-react;https://github.com/patternfly/patternfly-react;463;react-components;2017-03-08 22:31:12+00:00
73;Y3Vyc29yOjc0;kulakowka/react-bulma;react-bulma;https://github.com/kulakowka/react-bulma;454;react-components;2017-05-30 21:04:25+00:00
82;Y3Vyc29yOjgz;ConsenSysMesh/rimble-ui;rimble-ui;https://github.com/ConsenSysMesh/rimble-ui;380;react-components;2018-07-10 18:24:51+00:00
85;Y3Vyc29yOjg2;bmcmahen/sancho;sancho;https://github.com/bmcmahen/sancho;371;react-components;2019-02-25 20:50:06+00:00
90;Y3Vyc29yOjkx;segunadebayo/chakra-ui;chakra-ui;https://github.com/segunadebayo/chakra-ui;321;react-components;2019-06-06 23:07:21+00:00
