,cursor,name_with_owner,name,url,stargazer_count,topic,createdAt
0,Y3Vyc29yOjE=,mui-org/material-ui,material-ui,https://github.com/mui-org/material-ui,67822,react-components,2014-08-18 19:11:54+00:00
1,Y3Vyc29yOjY=,chakra-ui/chakra-ui,chakra-ui,https://github.com/chakra-ui/chakra-ui,17319,react-components,2019-08-17 14:27:54+00:00
2,Y3Vyc29yOjc=,Semantic-Org/Semantic-UI-React,Semantic-UI-React,https://github.com/Semantic-Org/Semantic-UI-React,12216,react-components,2015-06-19 16:47:19+00:00
3,Y3Vyc29yOjg=,microsoft/fluentui,fluentui,https://github.com/microsoft/fluentui,11244,react-components,2016-06-06 15:03:44+00:00
4,Y3Vyc29yOjEw,rebassjs/rebass,rebass,https://github.com/rebassjs/rebass,7266,react-components,2015-02-11 14:48:09+00:00
5,Y3Vyc29yOjEx,uber/baseweb,baseweb,https://github.com/uber/baseweb,6301,react-components,2018-03-09 01:32:10+00:00
6,Y3Vyc29yOjE3,adobe/react-spectrum,react-spectrum,https://github.com/adobe/react-spectrum,4527,react-components,2019-09-13 23:32:51+00:00
7,Y3Vyc29yOjI1,weui/react-weui,react-weui,https://github.com/weui/react-weui,2764,react-components,2015-10-12 06:10:32+00:00
8,Y3Vyc29yOjM0,primefaces/primereact,primereact,https://github.com/primefaces/primereact,1977,react-components,2016-12-16 15:56:27+00:00
9,Y3Vyc29yOjQ1,myxvisual/react-uwp,react-uwp,https://github.com/myxvisual/react-uwp,1148,react-components,2017-01-09 04:20:58+00:00