nameWithOwner,createdAt,pullRequests,issues,ageInYears
mui-org/material-ui,2014-08-18T19:11:54Z,13142,13007,6.75
ElemeFE/element,2016-09-03T06:19:26Z,4595,16380,4.71
vuetifyjs/vuetify,2016-09-12T00:39:35Z,3497,9914,4.68
brillout/awesome-react-components,2016-06-24T15:19:33Z,258,38,4.9
iview/iview,2016-07-28T01:52:59Z,1049,5520,4.81
bvaughn/react-virtualized,2015-11-03T00:48:07Z,599,1041,5.54
enzymejs/enzyme,2015-11-10T21:45:38Z,796,1721,5.52
necolas/react-native-web,2015-06-09T19:25:38Z,549,1445,5.95
quasarframework/quasar,2015-10-05T15:45:36Z,3241,5676,5.62
airyland/vux,2016-02-15T03:23:27Z,472,3278,5.26
chakra-ui/chakra-ui,2019-08-17T14:27:54Z,1773,1808,1.75
ElemeFE/mint-ui,2016-05-17T09:54:10Z,406,1223,5.01
Semantic-Org/Semantic-UI-React,2015-06-19T16:47:19Z,1816,2388,5.92
surmon-china/vue-awesome-swiper,2016-10-05T17:15:44Z,63,723,4.62
microsoft/fluentui,2016-06-06T15:03:44Z,10505,7653,4.95
casesandberg/react-color,2015-08-09T18:45:30Z,338,483,5.78
ant-design/ant-design-mobile,2015-11-30T03:33:06Z,757,3042,5.47
didi/cube-ui,2017-11-03T06:17:27Z,181,590,3.54
epicmaxco/vuestic-admin,2017-07-31T11:52:40Z,337,475,3.8
rebassjs/rebass,2015-02-11T14:48:09Z,633,469,6.27
fkhadra/react-toastify,2016-11-08T12:32:52Z,163,431,4.53
surmon-china/vue-quill-editor,2016-12-15T14:38:40Z,32,418,4.42
uber/baseweb,2018-03-09T01:32:10Z,3478,782,3.19
react-ui-builder/structor,2015-10-17T15:49:40Z,20,113,5.59
nteract/nteract,2015-06-15T23:21:49Z,3845,1636,5.93
rsuite/rsuite,2016-06-06T02:27:46Z,1111,543,4.95
insin/nwb,2015-11-10T23:32:58Z,79,491,5.52
lusaxweb/vuesax,2018-01-30T23:53:19Z,300,680,3.3
mobxjs/mobx-react,2015-08-28T11:09:05Z,233,671,5.73
shakacode/react_on_rails,2015-08-20T20:31:54Z,730,642,5.75
adobe/react-spectrum,2019-09-13T23:32:51Z,1290,594,1.68
appbaseio/reactivesearch,2017-02-15T15:21:24Z,646,1010,4.25
beautifulinteractions/beautiful-react-hooks,2019-12-18T19:50:43Z,206,41,1.42
APSL/react-native-keyboard-aware-scroll-view,2015-10-20T18:22:34Z,139,348,5.58
gpbl/react-day-picker,2014-12-28T17:07:20Z,482,636,6.39
ant-design/ant-motion,2016-02-17T02:48:28Z,251,241,5.25
surmon-china/vue-video-player,2016-09-28T14:11:18Z,32,382,4.64
gilbarbara/react-joyride,2015-08-28T02:56:09Z,147,472,5.73
herozhou/vue-framework-wz,2017-08-16T09:22:18Z,7,87,3.76
0wczar/airframe-react,2019-08-14T21:34:00Z,8,42,1.76
epicmaxco/epic-spinners,2017-12-05T09:05:15Z,7,37,3.45
hustcc/echarts-for-react,2016-06-03T06:08:21Z,53,374,4.96
mariusandra/pigeon-maps,2016-12-16T13:55:49Z,51,80,4.42
jdf2e/nutui,2018-01-22T01:50:28Z,104,357,3.32
shinygang/Vue-cnodejs,2015-08-14T08:30:53Z,17,80,5.76
lingui/js-lingui,2017-01-17T17:26:46Z,456,595,4.33
didi/mand-mobile,2018-03-23T15:25:50Z,256,490,3.16
xaboy/form-create,2018-02-11T03:25:40Z,23,319,3.27
roylee0704/react-flexbox-grid,2015-11-16T07:47:50Z,65,123,5.51
learn-vuejs/vue-patterns,2018-04-23T04:47:13Z,50,6,3.07
unlayer/react-email-editor,2017-10-01T22:44:29Z,9,184,3.63
weui/react-weui,2015-10-12T06:10:32Z,105,223,5.6
renatorib/react-powerplug,2017-09-11T03:04:18Z,148,60,3.68
xiaolin/react-image-gallery,2015-02-27T23:41:41Z,136,450,6.22
ElemeFE/element-react,2016-10-18T06:56:20Z,620,476,4.58
miukimiu/react-kawaii,2017-01-22T12:31:18Z,80,24,4.32
React-Sight/React-Sight,2017-09-20T17:38:37Z,250,24,3.66
react-component/slider,2015-04-19T07:30:44Z,303,465,6.08
jsdf/react-native-htmlview,2015-04-01T03:20:10Z,106,217,6.13
tomkp/react-split-pane,2015-03-06T13:25:20Z,572,189,6.21
elrumordelaluz/reactour,2017-03-17T18:43:49Z,89,252,4.17
ascoders/react-native-image-viewer,2016-09-13T13:43:44Z,92,380,4.68
zhihu/griffith,2019-03-22T06:08:17Z,103,62,2.16
video-react/video-react,2016-09-29T00:10:58Z,104,297,4.64
amarofashion/react-credit-cards,2017-01-13T12:55:03Z,22,78,4.35
rcaferati/react-awesome-slider,2016-06-12T18:45:33Z,65,118,4.93
rnosov/react-reveal,2016-10-11T17:58:52Z,13,100,4.6
primefaces/primereact,2016-12-16T15:56:27Z,274,1771,4.42
reactopt/reactopt,2017-10-31T23:58:33Z,69,12,3.55
clauderic/react-tiny-virtual-list,2017-02-27T04:46:57Z,40,60,4.22
AdeleD/react-paginate,2014-09-19T14:39:10Z,143,215,6.67
yairEO/tagify,2016-10-13T21:08:08Z,103,716,4.6
davidhu2000/react-spinners,2017-07-05T02:02:42Z,331,84,3.87
nygardk/react-share,2015-10-24T09:36:56Z,128,269,5.57
tabler/tabler-react,2018-04-12T21:32:09Z,377,195,3.1
keajs/kea,2016-03-29T08:30:54Z,27,103,5.14
geist-org/react,2020-03-18T17:14:17Z,309,194,1.17
ctrlplusb/react-sizeme,2016-04-12T13:19:28Z,128,84,5.1
leandrowd/react-responsive-carousel,2015-02-08T10:59:28Z,212,391,6.28
DevExpress/devextreme-reactive,2017-03-17T07:10:12Z,1885,1449,4.17
nexxtway/react-rainbow,2018-08-28T05:34:53Z,1384,851,2.72
kentcdodds/advanced-react-patterns,2019-02-11T21:46:26Z,66,5,2.27
siriwatknp/mui-treasury,2019-03-11T16:21:23Z,834,265,2.19
beizhedenglong/rough-charts,2019-10-04T05:19:54Z,8,8,1.62
react-cropper/react-cropper,2015-05-06T06:32:36Z,431,145,6.04
feathericons/react-feather,2017-06-14T11:01:13Z,43,48,3.93
Andarist/react-textarea-autosize,2013-08-12T19:47:26Z,130,190,7.77
vazco/uniforms,2016-05-10T13:08:50Z,294,649,5.02
jxnblk/reflexbox,2015-10-10T20:30:15Z,21,53,5.61
vkbansal/react-contextmenu,2015-07-04T17:26:13Z,127,214,5.88
bokuweb/re-resizable,2015-11-24T00:22:05Z,605,130,5.48
yjose/reactjs-popup,2017-12-17T15:10:18Z,122,136,3.42
omgovich/react-colorful,2020-07-23T10:25:57Z,90,43,0.82
chenqingspring/react-lottie,2017-04-21T08:42:23Z,64,68,4.08
myxvisual/react-uwp,2017-01-09T04:20:58Z,41,83,4.36
jaywcjlove/awesome-uikit,2017-12-07T16:33:57Z,14,1,3.45
jakubgarfield/expenses,2017-06-06T04:53:58Z,19,14,3.95
dantrain/react-stonecutter,2016-04-03T14:43:35Z,6,42,5.13
lovasoa/react-contenteditable,2014-12-28T16:29:46Z,112,120,6.39
couds/react-bulma-components,2017-09-18T15:14:39Z,133,193,3.67
teodosii/react-notifications-component,2018-06-24T18:43:40Z,24,86,2.9
gilbarbara/react-inlinesvg,2014-03-23T05:04:09Z,54,114,7.16
jrowny/react-absolute-grid,2015-06-11T20:02:58Z,15,40,5.94
ZhongAnTech/zarm,2016-07-13T11:45:37Z,489,143,4.85
CVarisco/create-component-app,2017-06-27T20:41:11Z,40,39,3.89
cvdlab/react-planner,2016-06-27T15:30:52Z,28,194,4.89
thedevelobear/react-rewards,2018-11-12T23:28:34Z,33,13,2.51
segmentio/ui-box,2017-02-25T03:11:51Z,58,30,4.23
wadackel/react-stack-grid,2016-11-17T13:44:35Z,17,55,4.5
mohitk05/react-insta-stories,2019-01-23T07:22:04Z,54,66,2.32
Aljullu/react-lazy-load-image-component,2018-02-21T00:14:22Z,24,65,3.24
ReactPrimer/ReactPrimer,2017-10-31T17:20:09Z,53,7,3.55
ukrbublik/react-awesome-query-builder,2017-07-26T12:07:17Z,124,271,3.81
anubhavsrivastava/awesome-ui-component-library,2018-11-25T07:32:19Z,17,1,2.48
insin/react-maskedinput,2015-03-22T03:06:43Z,60,78,6.16
davidchin/react-input-range,2015-08-26T15:30:28Z,80,113,5.73
seeden/react-facebook,2016-02-21T17:31:51Z,48,140,5.24
blueberryapps/react-bluekit,2015-11-24T13:17:51Z,98,42,5.48
juliancwirko/react-s-alert,2015-12-30T19:35:11Z,18,63,5.39
stephane-monnot/react-vertical-timeline,2017-10-26T22:06:31Z,31,80,3.56
sindresorhus/react-extras,2018-01-18T02:57:57Z,10,7,3.33
mbasso/react-decoration,2016-09-27T20:59:55Z,6,9,4.64
pivotal-cf/pivotal-ui,2014-05-16T18:52:56Z,406,270,7.01
sumup-oss/circuit-ui,2017-06-26T09:57:50Z,785,162,3.9
zillow/react-slider,2014-08-08T22:18:34Z,106,117,6.78
react-component/select,2015-01-29T15:38:52Z,373,243,6.3
braposo/react-text-loop,2017-03-20T18:22:24Z,38,31,4.16
fkhadra/react-contexify,2016-06-20T06:32:23Z,61,125,4.91
Detaysoft/react-chat-elements,2017-07-30T18:46:29Z,100,43,3.8
kimmelsg/cj-upload,2016-08-30T03:15:37Z,14,24,4.72
xobotyi/react-scrollbars-custom,2018-07-02T09:25:44Z,52,120,2.88
surmon-china/surmon.me.native,2017-03-29T11:06:05Z,15,10,4.14
digiaonline/react-foundation,2016-03-10T19:58:03Z,57,52,5.19
creativetimofficial/light-bootstrap-dashboard-react,2017-09-19T14:03:33Z,13,67,3.66
sghall/react-compound-slider,2017-08-10T19:32:46Z,29,103,3.77
uiwjs/uiw,2017-10-26T11:39:32Z,289,42,3.56
react-theming/storybook-addon-material-ui,2016-09-13T08:30:16Z,53,75,4.68
infeng/react-viewer,2016-09-29T14:57:05Z,33,115,4.64
wangzuo/input-moment,2015-10-30T12:52:03Z,45,49,5.55
rcdexta/react-event-timeline,2016-10-16T11:18:46Z,32,33,4.59
antvis/Graphin,2019-11-06T13:15:50Z,125,127,1.53
craig1123/react-recipes,2019-10-25T02:01:29Z,40,8,1.56
10086XIAOZHANG/CP-DESIGN,2020-03-15T15:42:12Z,0,8,1.18
spotify/reactochart,2016-01-07T20:58:18Z,245,43,5.36
patternfly/patternfly-react,2017-03-08T22:31:12Z,2968,2753,4.19
kulakowka/react-bulma,2017-05-30T21:04:25Z,18,16,3.97
dsznajder/vscode-es7-javascript-react-snippets,2017-06-07T18:52:04Z,89,92,3.95
maxmarinich/react-alice-carousel,2017-02-20T09:01:56Z,51,146,4.24
ant-design/sunflower,2019-06-13T06:38:39Z,218,29,1.93
gabrielbull/react-router-server,2012-03-18T03:41:56Z,11,25,9.17
strapi/buffet,2019-01-25T09:47:01Z,162,32,2.31
brandonmowat/react-chat-ui,2016-08-22T14:11:11Z,36,25,4.74
cloudinary/cloudinary-react,2016-08-30T10:56:20Z,124,103,4.72
azouaoui-med/react-pro-sidebar,2020-05-06T14:24:16Z,18,36,1.03
bchao1/chart-race-react,2019-10-20T14:19:05Z,5,4,1.58
mhnpd/react-loader-spinner,2017-11-27T07:42:04Z,47,48,3.47
instamobile/recipes-app-react-native,2019-07-23T03:53:48Z,9,6,1.82
TroyAlford/react-jsx-parser,2017-01-30T00:28:31Z,77,119,4.3
xiaody/react-lines-ellipsis,2016-11-25T08:33:21Z,33,47,4.48
bem/bem-react,2016-06-01T16:16:02Z,339,266,4.96
ayrton/react-key-handler,2016-02-27T20:27:48Z,130,24,5.22
kirill3333/react-avatar,2017-08-04T16:35:22Z,35,37,3.79
ConsenSysMesh/rimble-ui,2018-07-10T18:24:51Z,156,299,2.86
dennismorello/react-awesome-reveal,2019-11-24T10:39:59Z,17,58,1.48
XiaoMi/hiui,2018-10-08T10:10:20Z,831,910,2.61
bmcmahen/sancho,2019-02-25T20:50:06Z,37,44,2.23
vortesnail/qier-player,2019-10-14T12:54:21Z,4,17,1.59
lindelof/particles-bg,2019-11-22T06:27:42Z,4,11,1.49
iansinnott/react-string-replace,2016-02-03T23:22:02Z,38,31,5.29
leefsmp/Re-Flex,2016-12-21T06:49:31Z,42,83,4.41
learn-anything/react-mindmap,2017-05-15T22:47:04Z,8,18,4.01
ctxhou/react-tabtab,2015-09-23T07:53:31Z,108,55,5.65
slmgc/react-hint,2016-09-18T16:57:59Z,6,45,4.67
sarneeh/reaptcha,2018-05-29T08:55:50Z,162,50,2.97
i-like-robots/react-tags,2016-02-15T16:48:10Z,105,130,5.26
lhandel/react-native-card-stack-swiper,2017-11-07T07:16:18Z,30,52,3.53
segunadebayo/chakra-ui,2019-06-06T23:07:21Z,21,6,1.95
sindresorhus/react-router-util,2018-01-12T14:31:24Z,8,7,3.35
React-Scope/React-Scope,2018-01-20T18:50:49Z,47,10,3.33
react-component/tween-one,2015-12-21T12:28:15Z,77,42,5.41
wwwaiser/react-js-pagination,2015-09-30T11:40:57Z,45,75,5.64
ibitcy/eo-locale,2018-05-10T13:59:53Z,40,25,3.02
diogomoretti/react-snakke,2019-03-06T23:24:36Z,32,2,2.2
asmyshlyaev177/react-horizontal-scrolling-menu,2018-07-13T14:17:33Z,37,99,2.85
avocode/react-shortcuts,2015-08-21T09:09:16Z,44,46,5.75
garrettmac/react-native-pagination,2017-07-17T16:41:59Z,23,9,3.84
ruby-hyperloop/hyper-react,2016-06-09T18:24:04Z,20,253,4.94
twisty/formsy-react-components,2015-04-29T10:04:39Z,48,105,6.06
jaywcjlove/react-hotkeys,2017-08-15T15:08:06Z,45,28,3.76
rmariuzzo/react-new-window,2017-11-08T15:30:59Z,30,52,3.53
gribnoysup/react-yandex-maps,2016-10-27T14:13:58Z,73,230,4.56
bcrumbs/reactackle,2017-06-15T17:17:16Z,53,72,3.93
philipp-spiess/react-recomponent,2018-06-02T13:05:01Z,15,9,2.96
pagarme/react-event-components,2016-11-05T15:22:59Z,57,15,4.53
hustcc/timeago-react,2016-08-08T03:23:03Z,18,20,4.78
enkidevs/seapig,2017-07-04T04:43:36Z,345,6,3.87
JulienRioux/flawwwless-ui,2019-06-19T14:13:12Z,39,6,1.92
contiamo/operational-ui,2017-08-02T11:44:17Z,1030,337,3.79
coreui/coreui-react,2018-02-26T18:14:32Z,56,129,3.22
tj/react-batch,2017-05-21T01:18:34Z,3,2,3.99
tommoor/react-emoji-render,2017-04-07T02:34:20Z,39,43,4.12
adexin/spinners-react,2020-02-12T13:05:47Z,4,1,1.26
Esri/react-arcgis,2017-03-17T19:06:37Z,130,85,4.17
toomuchdesign/react-minimal-pie-chart,2017-03-13T11:35:57Z,166,54,4.18
mukeshsoni/react-telephone-input,2014-11-28T07:58:11Z,313,147,6.47
creativetimofficial/notus-react,2020-09-01T07:23:16Z,5,3,0.71
react-component/virtual-list,2019-07-05T08:18:55Z,117,17,1.87
alexeyraspopov/react-coroutine,2016-09-07T09:40:27Z,5,5,4.7
knightsj/GitHubPopular-SJ,2017-08-29T02:31:37Z,0,1,3.72
chentsulin/sweetalert-react,2015-07-12T12:25:55Z,70,47,5.85
enigma-io/boundless,2016-12-07T21:33:41Z,23,27,4.45
abraztsov/react-sweet-progress,2017-04-06T18:13:33Z,3,12,4.12
jxnblk/react-css-grid,2016-07-31T05:04:40Z,2,5,4.8
lilactown/hx,2018-06-08T15:02:28Z,33,45,2.95
manofit/React-Native_demo,2018-04-18T00:55:48Z,0,4,3.08
MinJieLiu/react-photo-view,2018-09-03T01:30:40Z,18,33,2.71
juliancwirko/react-npm-boilerplate,2016-02-13T16:54:01Z,4,6,5.26
emortlock/tailwind-react-ui,2018-08-10T06:19:43Z,86,24,2.77
Yoshino-UI/Yoshino,2018-03-25T08:00:14Z,3,9,3.15
40818419/react-code-input,2016-10-19T12:58:58Z,68,69,4.58
hustcc/react-adsense,2016-10-09T11:29:32Z,8,18,4.61
worldzhao/react-ui-library-tutorial,2019-12-18T01:59:46Z,3,15,1.42
Lodin/react-vtree,2017-12-25T10:10:21Z,27,33,3.4
jxnblk/nano-component,2017-07-25T21:56:54Z,2,1,3.82
aichbauer/styled-bootstrap-components,2018-03-06T19:48:13Z,103,37,3.2
ice-lab/react-materials,2019-04-02T13:14:12Z,166,3,2.13
upmostly/modali,2019-04-04T10:50:27Z,25,31,2.12
Flagsmith/react-native-performance-monitor,2020-02-10T20:54:35Z,26,9,1.27
sapegin/react-components,2016-09-01T13:04:10Z,4,2,4.71
enactjs/enact,2016-09-08T00:14:51Z,2900,19,4.69
alexanderwallin/react-player-controls,2016-06-10T10:19:54Z,31,37,4.94
alibaba-fusion/materials,2018-06-29T06:24:31Z,107,9,2.89
syncfusion/ej2-react-ui-components,2018-10-31T06:16:27Z,7,75,2.55
cerner/terra-core,2017-02-24T18:57:33Z,1852,1510,4.23
calibreapp/react-live-chat-loader,2019-07-09T01:30:00Z,46,20,1.86
ooade/react-rough,2017-03-23T00:47:21Z,153,118,4.16
dmitrymorozoff/react-spinners-kit,2018-09-16T13:01:41Z,13,12,2.67
KaiHotz/react-formik-ui,2018-06-03T13:20:33Z,19,42,2.96
rajinwonderland/react-code-blocks,2019-05-06T06:18:03Z,7,24,2.04
xDae/styled-bootstrap,2017-05-21T16:12:06Z,105,5,3.99
shine-design/shine-design,2018-08-29T15:50:54Z,14,0,2.72
SAP/fundamental-react,2018-09-07T18:43:00Z,942,367,2.7
kareemaly/react-items-carousel,2017-04-03T16:50:57Z,38,40,4.13
prometheusresearch-archive/react-stylesheet,2015-09-04T10:00:32Z,10,6,5.71
atlassian/extract-react-types,2017-08-29T01:43:22Z,148,38,3.72
rhysd/react-vimjs,2015-10-05T11:32:57Z,0,3,5.62
NomanGul/react-page-progress,2018-12-31T17:05:16Z,89,2,2.38
Metroxe/react-border-wrapper,2019-03-16T01:39:34Z,31,2,2.18
One-Nexus/Synergy,2015-07-21T22:58:45Z,18,12,5.83
socialtables/react-user-tour,2015-10-27T19:45:21Z,20,21,5.56
codegeous/react-component-depot,2020-04-18T19:05:42Z,26,1,1.08
contentful/forma-36,2018-10-19T13:00:05Z,862,109,2.58
duan602728596/antd-schema-form,2018-11-19T15:13:18Z,3,24,2.5
snaerth/create-react-component-folder,2018-02-06T21:48:59Z,28,26,3.28
pierreericgarcia/react-step-progress-bar,2018-08-21T17:01:19Z,10,16,2.74
NorthwoodsSoftware/gojs-react,2019-10-21T17:43:14Z,2,9,1.58
vtex/styleguide,2017-04-20T15:28:03Z,1086,302,4.08
brainly/style-guide,2015-06-18T13:12:08Z,1383,668,5.92
jsdevkr/axui-datagrid,2017-08-23T05:54:27Z,31,34,3.74
flyerhq/react-native-keyboard-accessory-view,2020-06-06T01:05:19Z,15,8,0.95
blakeembrey/react-free-style,2015-03-14T20:53:49Z,34,19,6.18
cchanxzy/react-currency-input-field,2018-09-30T16:46:24Z,109,55,2.63
RD17/react-trumbowyg,2016-11-09T18:18:57Z,5,19,4.52
TechniqueSoftware/react-json-schema,2015-10-01T18:11:24Z,34,16,5.63
martinnov92/React-Splitters,2017-02-25T09:35:07Z,25,15,4.23
imranhsayed/react-workshop,2019-04-07T16:00:41Z,0,0,2.12
loogle18/xray-react,2018-05-24T08:47:27Z,10,0,2.99
kitten/rxjs-diagrams,2017-01-10T00:19:44Z,0,2,4.35
kensho-technologies/orama,2017-05-12T14:14:11Z,121,44,4.02
bentaylor2/react-structured-data,2017-12-13T21:34:59Z,13,13,3.43
codeslayer1/react-ckeditor,2017-06-15T07:29:01Z,8,73,3.93
chagasaway/react-native-fading-slides,2015-10-11T04:08:12Z,6,7,5.61
intellidev1991/react-native-image-slider-box,2019-07-31T13:58:08Z,15,64,1.8
sanity-io/block-content-to-react,2017-06-08T07:02:33Z,19,27,3.95
danrouse/react-audio-recorder,2015-12-06T01:53:20Z,10,23,5.45
brainhubeu/gatsby-docs-kit,2018-06-11T11:49:00Z,92,6,2.94
u-wave/react-vimeo,2017-04-24T18:58:06Z,84,50,4.07
callstack/component-docs,2016-12-04T10:34:26Z,39,15,4.45
heartexlabs/label-studio-frontend,2020-01-08T13:45:26Z,165,34,1.36
shuiRong/Gakki,2018-12-14T15:15:02Z,6,12,2.43
fluent-org/fluent-windows,2019-07-14T10:33:02Z,0,11,1.85
Merri/react-lazy,2015-07-27T16:23:28Z,26,22,5.81
felangel/bloc.js,2019-08-11T05:01:32Z,48,8,1.77
lochbrunner/react-flow-editor,2018-08-22T20:44:41Z,66,6,2.74
insin/react-router-active-component,2015-01-07T10:45:05Z,6,7,6.36
binbytes/react-native-firebase-chat,2018-12-11T14:44:03Z,0,3,2.44
Turkyden/react-darkreader,2020-11-24T03:53:25Z,4,3,0.48
ekeric13/react-star-ratings,2017-04-05T02:21:41Z,19,27,4.12
InterfaceKit/react-native-interactive-image-gallery,2017-11-07T15:26:45Z,16,9,3.53
kenshoo/react-multi-select,2018-02-28T07:47:22Z,123,72,3.22
weiqinke/react-admin-nest,2021-01-31T02:05:03Z,0,6,0.29
yahoo/jafar,2020-01-02T17:09:18Z,66,38,1.38
Talend/ui,2017-01-18T13:45:58Z,3206,92,4.33
socialtables/react-image-fallback,2015-08-20T13:50:27Z,47,15,5.75
alexgarces/react-typeform-embed,2017-09-23T17:42:40Z,26,28,3.65
based-ghost/react-functional-select,2019-10-21T02:54:11Z,10,20,1.58
ashutosh1919/react-awesome-loaders,2021-01-06T06:36:41Z,5,5,0.36
tranbathanhtung/re-jok,2018-05-24T13:59:11Z,0,3,2.99
K-G-PRAJWAL/ReactJS-Projects,2020-04-10T05:39:01Z,14,3,1.1
