;cursor;name_with_owner;name;url;stargazer_count;topic;createdAt
0;Y3Vyc29yOjE=;mui-org/material-ui;material-ui;https://github.com/mui-org/material-ui;67822;react-components;2014-08-18 19:11:54+00:00
281;Y3Vyc29yOjE=;ElemeFE/element;element;https://github.com/ElemeFE/element;49866;vue-components;2016-09-03 06:19:26+00:00
282;Y3Vyc29yOjI=;vuetifyjs/vuetify;vuetify;https://github.com/vuetifyjs/vuetify;30295;vue-components;2016-09-12 00:39:35+00:00
1;Y3Vyc29yOjI=;brillout/awesome-react-components;awesome-react-components;https://github.com/brillout/awesome-react-components;26684;react-components;2016-06-24 15:19:33+00:00
283;Y3Vyc29yOjM=;iview/iview;iview;https://github.com/iview/iview;23778;vue-components;2016-07-28 01:52:59+00:00
2;Y3Vyc29yOjM=;bvaughn/react-virtualized;react-virtualized;https://github.com/bvaughn/react-virtualized;21584;react-components;2015-11-03 00:48:07+00:00
3;Y3Vyc29yOjQ=;enzymejs/enzyme;enzyme;https://github.com/enzymejs/enzyme;19511;react-components;2015-11-10 21:45:38+00:00
4;Y3Vyc29yOjU=;necolas/react-native-web;react-native-web;https://github.com/necolas/react-native-web;18648;react-components;2015-06-09 19:25:38+00:00
284;Y3Vyc29yOjQ=;quasarframework/quasar;quasar;https://github.com/quasarframework/quasar;18347;vue-components;2015-10-05 15:45:36+00:00
285;Y3Vyc29yOjU=;airyland/vux;vux;https://github.com/airyland/vux;17425;vue-components;2016-02-15 03:23:27+00:00
5;Y3Vyc29yOjY=;chakra-ui/chakra-ui;chakra-ui;https://github.com/chakra-ui/chakra-ui;17319;react-components;2019-08-17 14:27:54+00:00
286;Y3Vyc29yOjY=;ElemeFE/mint-ui;mint-ui;https://github.com/ElemeFE/mint-ui;16314;vue-components;2016-05-17 09:54:10+00:00
6;Y3Vyc29yOjc=;Semantic-Org/Semantic-UI-React;Semantic-UI-React;https://github.com/Semantic-Org/Semantic-UI-React;12216;react-components;2015-06-19 16:47:19+00:00
287;Y3Vyc29yOjc=;surmon-china/vue-awesome-swiper;vue-awesome-swiper;https://github.com/surmon-china/vue-awesome-swiper;11406;vue-components;2016-10-05 17:15:44+00:00
7;Y3Vyc29yOjg=;microsoft/fluentui;fluentui;https://github.com/microsoft/fluentui;11244;react-components;2016-06-06 15:03:44+00:00
173;Y3Vyc29yOjI=;casesandberg/react-color;react-color;https://github.com/casesandberg/react-color;9642;react-component;2015-08-09 18:45:30+00:00
8;Y3Vyc29yOjk=;ant-design/ant-design-mobile;ant-design-mobile;https://github.com/ant-design/ant-design-mobile;8797;react-components;2015-11-30 03:33:06+00:00
288;Y3Vyc29yOjg=;didi/cube-ui;cube-ui;https://github.com/didi/cube-ui;8702;vue-components;2017-11-03 06:17:27+00:00
289;Y3Vyc29yOjk=;epicmaxco/vuestic-admin;vuestic-admin;https://github.com/epicmaxco/vuestic-admin;7874;vue-components;2017-07-31 11:52:40+00:00
9;Y3Vyc29yOjEw;rebassjs/rebass;rebass;https://github.com/rebassjs/rebass;7266;react-components;2015-02-11 14:48:09+00:00
174;Y3Vyc29yOjM=;fkhadra/react-toastify;react-toastify;https://github.com/fkhadra/react-toastify;6662;react-component;2016-11-08 12:32:52+00:00
290;Y3Vyc29yOjEw;surmon-china/vue-quill-editor;vue-quill-editor;https://github.com/surmon-china/vue-quill-editor;6488;vue-components;2016-12-15 14:38:40+00:00
10;Y3Vyc29yOjEx;uber/baseweb;baseweb;https://github.com/uber/baseweb;6301;react-components;2018-03-09 01:32:10+00:00
11;Y3Vyc29yOjEy;react-ui-builder/structor;structor;https://github.com/react-ui-builder/structor;5531;react-components;2015-10-17 15:49:40+00:00
12;Y3Vyc29yOjEz;nteract/nteract;nteract;https://github.com/nteract/nteract;5508;react-components;2015-06-15 23:21:49+00:00
13;Y3Vyc29yOjE0;rsuite/rsuite;rsuite;https://github.com/rsuite/rsuite;5463;react-components;2016-06-06 02:27:46+00:00
175;Y3Vyc29yOjQ=;insin/nwb;nwb;https://github.com/insin/nwb;5318;react-component;2015-11-10 23:32:58+00:00
291;Y3Vyc29yOjEx;lusaxweb/vuesax;vuesax;https://github.com/lusaxweb/vuesax;4989;vue-components;2018-01-30 23:53:19+00:00
14;Y3Vyc29yOjE1;mobxjs/mobx-react;mobx-react;https://github.com/mobxjs/mobx-react;4728;react-components;2015-08-28 11:09:05+00:00
15;Y3Vyc29yOjE2;shakacode/react_on_rails;react_on_rails;https://github.com/shakacode/react_on_rails;4703;react-components;2015-08-20 20:31:54+00:00
16;Y3Vyc29yOjE3;adobe/react-spectrum;react-spectrum;https://github.com/adobe/react-spectrum;4527;react-components;2019-09-13 23:32:51+00:00
17;Y3Vyc29yOjE4;appbaseio/reactivesearch;reactivesearch;https://github.com/appbaseio/reactivesearch;4396;react-components;2017-02-15 15:21:24+00:00
18;Y3Vyc29yOjE5;beautifulinteractions/beautiful-react-hooks;beautiful-react-hooks;https://github.com/beautifulinteractions/beautiful-react-hooks;4293;react-components;2019-12-18 19:50:43+00:00
19;Y3Vyc29yOjIw;APSL/react-native-keyboard-aware-scroll-view;react-native-keyboard-aware-scroll-view;https://github.com/APSL/react-native-keyboard-aware-scroll-view;4167;react-components;2015-10-20 18:22:34+00:00
176;Y3Vyc29yOjU=;gpbl/react-day-picker;react-day-picker;https://github.com/gpbl/react-day-picker;4133;react-component;2014-12-28 17:07:20+00:00
20;Y3Vyc29yOjIx;ant-design/ant-motion;ant-motion;https://github.com/ant-design/ant-motion;4124;react-components;2016-02-17 02:48:28+00:00
292;Y3Vyc29yOjEz;surmon-china/vue-video-player;vue-video-player;https://github.com/surmon-china/vue-video-player;3714;vue-components;2016-09-28 14:11:18+00:00
177;Y3Vyc29yOjY=;gilbarbara/react-joyride;react-joyride;https://github.com/gilbarbara/react-joyride;3654;react-component;2015-08-28 02:56:09+00:00
293;Y3Vyc29yOjE0;herozhou/vue-framework-wz;vue-framework-wz;https://github.com/herozhou/vue-framework-wz;3625;vue-components;2017-08-16 09:22:18+00:00
21;Y3Vyc29yOjIy;0wczar/airframe-react;airframe-react;https://github.com/0wczar/airframe-react;3511;react-components;2019-08-14 21:34:00+00:00
294;Y3Vyc29yOjE1;epicmaxco/epic-spinners;epic-spinners;https://github.com/epicmaxco/epic-spinners;3412;vue-components;2017-12-05 09:05:15+00:00
178;Y3Vyc29yOjc=;hustcc/echarts-for-react;echarts-for-react;https://github.com/hustcc/echarts-for-react;3155;react-component;2016-06-03 06:08:21+00:00
179;Y3Vyc29yOjg=;mariusandra/pigeon-maps;pigeon-maps;https://github.com/mariusandra/pigeon-maps;3080;react-component;2016-12-16 13:55:49+00:00
295;Y3Vyc29yOjE2;jdf2e/nutui;nutui;https://github.com/jdf2e/nutui;3080;vue-components;2018-01-22 01:50:28+00:00
296;Y3Vyc29yOjE3;shinygang/Vue-cnodejs;Vue-cnodejs;https://github.com/shinygang/Vue-cnodejs;3079;vue-components;2015-08-14 08:30:53+00:00
22;Y3Vyc29yOjIz;lingui/js-lingui;js-lingui;https://github.com/lingui/js-lingui;3052;react-components;2017-01-17 17:26:46+00:00
297;Y3Vyc29yOjE4;didi/mand-mobile;mand-mobile;https://github.com/didi/mand-mobile;3021;vue-components;2018-03-23 15:25:50+00:00
298;Y3Vyc29yOjE5;xaboy/form-create;form-create;https://github.com/xaboy/form-create;2911;vue-components;2018-02-11 03:25:40+00:00
23;Y3Vyc29yOjI0;roylee0704/react-flexbox-grid;react-flexbox-grid;https://github.com/roylee0704/react-flexbox-grid;2814;react-components;2015-11-16 07:47:50+00:00
299;Y3Vyc29yOjIw;learn-vuejs/vue-patterns;vue-patterns;https://github.com/learn-vuejs/vue-patterns;2805;vue-components;2018-04-23 04:47:13+00:00
180;Y3Vyc29yOjk=;unlayer/react-email-editor;react-email-editor;https://github.com/unlayer/react-email-editor;2803;react-component;2017-10-01 22:44:29+00:00
24;Y3Vyc29yOjI1;weui/react-weui;react-weui;https://github.com/weui/react-weui;2764;react-components;2015-10-12 06:10:32+00:00
181;Y3Vyc29yOjEw;renatorib/react-powerplug;react-powerplug;https://github.com/renatorib/react-powerplug;2695;react-component;2017-09-11 03:04:18+00:00
25;Y3Vyc29yOjI2;xiaolin/react-image-gallery;react-image-gallery;https://github.com/xiaolin/react-image-gallery;2622;react-components;2015-02-27 23:41:41+00:00
26;Y3Vyc29yOjI3;ElemeFE/element-react;element-react;https://github.com/ElemeFE/element-react;2617;react-components;2016-10-18 06:56:20+00:00
182;Y3Vyc29yOjEx;miukimiu/react-kawaii;react-kawaii;https://github.com/miukimiu/react-kawaii;2590;react-component;2017-01-22 12:31:18+00:00
183;Y3Vyc29yOjEy;React-Sight/React-Sight;React-Sight;https://github.com/React-Sight/React-Sight;2587;react-component;2017-09-20 17:38:37+00:00
27;Y3Vyc29yOjI4;react-component/slider;slider;https://github.com/react-component/slider;2494;react-components;2015-04-19 07:30:44+00:00
184;Y3Vyc29yOjEz;jsdf/react-native-htmlview;react-native-htmlview;https://github.com/jsdf/react-native-htmlview;2476;react-component;2015-04-01 03:20:10+00:00
185;Y3Vyc29yOjE0;tomkp/react-split-pane;react-split-pane;https://github.com/tomkp/react-split-pane;2461;react-component;2015-03-06 13:25:20+00:00
28;Y3Vyc29yOjI5;elrumordelaluz/reactour;reactour;https://github.com/elrumordelaluz/reactour;2309;react-components;2017-03-17 18:43:49+00:00
186;Y3Vyc29yOjE1;ascoders/react-native-image-viewer;react-native-image-viewer;https://github.com/ascoders/react-native-image-viewer;2209;react-component;2016-09-13 13:43:44+00:00
29;Y3Vyc29yOjMw;zhihu/griffith;griffith;https://github.com/zhihu/griffith;2155;react-components;2019-03-22 06:08:17+00:00
30;Y3Vyc29yOjMx;video-react/video-react;video-react;https://github.com/video-react/video-react;2109;react-components;2016-09-29 00:10:58+00:00
187;Y3Vyc29yOjE3;amarofashion/react-credit-cards;react-credit-cards;https://github.com/amarofashion/react-credit-cards;2101;react-component;2017-01-13 12:55:03+00:00
31;Y3Vyc29yOjMy;rcaferati/react-awesome-slider;react-awesome-slider;https://github.com/rcaferati/react-awesome-slider;2087;react-components;2016-06-12 18:45:33+00:00
32;Y3Vyc29yOjMz;rnosov/react-reveal;react-reveal;https://github.com/rnosov/react-reveal;2053;react-components;2016-10-11 17:58:52+00:00
33;Y3Vyc29yOjM0;primefaces/primereact;primereact;https://github.com/primefaces/primereact;1977;react-components;2016-12-16 15:56:27+00:00
188;Y3Vyc29yOjE5;reactopt/reactopt;reactopt;https://github.com/reactopt/reactopt;1971;react-component;2017-10-31 23:58:33+00:00
189;Y3Vyc29yOjIw;clauderic/react-tiny-virtual-list;react-tiny-virtual-list;https://github.com/clauderic/react-tiny-virtual-list;1968;react-component;2017-02-27 04:46:57+00:00
190;Y3Vyc29yOjIx;AdeleD/react-paginate;react-paginate;https://github.com/AdeleD/react-paginate;1967;react-component;2014-09-19 14:39:10+00:00
191;Y3Vyc29yOjIy;yairEO/tagify;tagify;https://github.com/yairEO/tagify;1793;react-component;2016-10-13 21:08:08+00:00
192;Y3Vyc29yOjIz;davidhu2000/react-spinners;react-spinners;https://github.com/davidhu2000/react-spinners;1776;react-component;2017-07-05 02:02:42+00:00
193;Y3Vyc29yOjI0;nygardk/react-share;react-share;https://github.com/nygardk/react-share;1758;react-component;2015-10-24 09:36:56+00:00
34;Y3Vyc29yOjM1;tabler/tabler-react;tabler-react;https://github.com/tabler/tabler-react;1715;react-components;2018-04-12 21:32:09+00:00
194;Y3Vyc29yOjI1;keajs/kea;kea;https://github.com/keajs/kea;1714;react-component;2016-03-29 08:30:54+00:00
35;Y3Vyc29yOjM2;geist-org/react;react;https://github.com/geist-org/react;1685;react-components;2020-03-18 17:14:17+00:00
195;Y3Vyc29yOjI2;ctrlplusb/react-sizeme;react-sizeme;https://github.com/ctrlplusb/react-sizeme;1682;react-component;2016-04-12 13:19:28+00:00
196;Y3Vyc29yOjI3;leandrowd/react-responsive-carousel;react-responsive-carousel;https://github.com/leandrowd/react-responsive-carousel;1657;react-component;2015-02-08 10:59:28+00:00
36;Y3Vyc29yOjM3;DevExpress/devextreme-reactive;devextreme-reactive;https://github.com/DevExpress/devextreme-reactive;1646;react-components;2017-03-17 07:10:12+00:00
37;Y3Vyc29yOjM4;nexxtway/react-rainbow;react-rainbow;https://github.com/nexxtway/react-rainbow;1554;react-components;2018-08-28 05:34:53+00:00
38;Y3Vyc29yOjM5;kentcdodds/advanced-react-patterns;advanced-react-patterns;https://github.com/kentcdodds/advanced-react-patterns;1537;react-components;2019-02-11 21:46:26+00:00
39;Y3Vyc29yOjQw;siriwatknp/mui-treasury;mui-treasury;https://github.com/siriwatknp/mui-treasury;1485;react-components;2019-03-11 16:21:23+00:00
40;Y3Vyc29yOjQx;beizhedenglong/rough-charts;rough-charts;https://github.com/beizhedenglong/rough-charts;1470;react-components;2019-10-04 05:19:54+00:00
41;Y3Vyc29yOjQy;react-cropper/react-cropper;react-cropper;https://github.com/react-cropper/react-cropper;1431;react-components;2015-05-06 06:32:36+00:00
42;Y3Vyc29yOjQz;feathericons/react-feather;react-feather;https://github.com/feathericons/react-feather;1419;react-components;2017-06-14 11:01:13+00:00
197;Y3Vyc29yOjI4;Andarist/react-textarea-autosize;react-textarea-autosize;https://github.com/Andarist/react-textarea-autosize;1396;react-component;2013-08-12 19:47:26+00:00
43;Y3Vyc29yOjQ0;vazco/uniforms;uniforms;https://github.com/vazco/uniforms;1394;react-components;2016-05-10 13:08:50+00:00
198;Y3Vyc29yOjI5;jxnblk/reflexbox;reflexbox;https://github.com/jxnblk/reflexbox;1371;react-component;2015-10-10 20:30:15+00:00
199;Y3Vyc29yOjMw;vkbansal/react-contextmenu;react-contextmenu;https://github.com/vkbansal/react-contextmenu;1366;react-component;2015-07-04 17:26:13+00:00
200;Y3Vyc29yOjMx;bokuweb/re-resizable;re-resizable;https://github.com/bokuweb/re-resizable;1348;react-component;2015-11-24 00:22:05+00:00
201;Y3Vyc29yOjMy;yjose/reactjs-popup;reactjs-popup;https://github.com/yjose/reactjs-popup;1245;react-component;2017-12-17 15:10:18+00:00
202;Y3Vyc29yOjMz;omgovich/react-colorful;react-colorful;https://github.com/omgovich/react-colorful;1181;react-component;2020-07-23 10:25:57+00:00
203;Y3Vyc29yOjM0;chenqingspring/react-lottie;react-lottie;https://github.com/chenqingspring/react-lottie;1170;react-component;2017-04-21 08:42:23+00:00
44;Y3Vyc29yOjQ1;myxvisual/react-uwp;react-uwp;https://github.com/myxvisual/react-uwp;1148;react-components;2017-01-09 04:20:58+00:00
45;Y3Vyc29yOjQ2;jaywcjlove/awesome-uikit;awesome-uikit;https://github.com/jaywcjlove/awesome-uikit;1143;react-components;2017-12-07 16:33:57+00:00
46;Y3Vyc29yOjQ3;jakubgarfield/expenses;expenses;https://github.com/jakubgarfield/expenses;1109;react-components;2017-06-06 04:53:58+00:00
204;Y3Vyc29yOjM1;dantrain/react-stonecutter;react-stonecutter;https://github.com/dantrain/react-stonecutter;1100;react-component;2016-04-03 14:43:35+00:00
205;Y3Vyc29yOjM2;lovasoa/react-contenteditable;react-contenteditable;https://github.com/lovasoa/react-contenteditable;1085;react-component;2014-12-28 16:29:46+00:00
47;Y3Vyc29yOjQ4;couds/react-bulma-components;react-bulma-components;https://github.com/couds/react-bulma-components;1031;react-components;2017-09-18 15:14:39+00:00
206;Y3Vyc29yOjM3;teodosii/react-notifications-component;react-notifications-component;https://github.com/teodosii/react-notifications-component;1003;react-component;2018-06-24 18:43:40+00:00
48;Y3Vyc29yOjQ5;gilbarbara/react-inlinesvg;react-inlinesvg;https://github.com/gilbarbara/react-inlinesvg;959;react-components;2014-03-23 05:04:09+00:00
49;Y3Vyc29yOjUw;jrowny/react-absolute-grid;react-absolute-grid;https://github.com/jrowny/react-absolute-grid;911;react-components;2015-06-11 20:02:58+00:00
50;Y3Vyc29yOjUx;ZhongAnTech/zarm;zarm;https://github.com/ZhongAnTech/zarm;898;react-components;2016-07-13 11:45:37+00:00
51;Y3Vyc29yOjUy;CVarisco/create-component-app;create-component-app;https://github.com/CVarisco/create-component-app;879;react-components;2017-06-27 20:41:11+00:00
207;Y3Vyc29yOjM5;cvdlab/react-planner;react-planner;https://github.com/cvdlab/react-planner;867;react-component;2016-06-27 15:30:52+00:00
52;Y3Vyc29yOjUz;thedevelobear/react-rewards;react-rewards;https://github.com/thedevelobear/react-rewards;864;react-components;2018-11-12 23:28:34+00:00
208;Y3Vyc29yOjQw;segmentio/ui-box;ui-box;https://github.com/segmentio/ui-box;858;react-component;2017-02-25 03:11:51+00:00
53;Y3Vyc29yOjU0;wix/wix-style-react;wix-style-react;https://github.com/wix/wix-style-react;805;react-components;2016-11-14 14:37:00+00:00
209;Y3Vyc29yOjQx;wadackel/react-stack-grid;react-stack-grid;https://github.com/wadackel/react-stack-grid;804;react-component;2016-11-17 13:44:35+00:00
210;Y3Vyc29yOjQy;mohitk05/react-insta-stories;react-insta-stories;https://github.com/mohitk05/react-insta-stories;803;react-component;2019-01-23 07:22:04+00:00
211;Y3Vyc29yOjQz;Aljullu/react-lazy-load-image-component;react-lazy-load-image-component;https://github.com/Aljullu/react-lazy-load-image-component;779;react-component;2018-02-21 00:14:22+00:00
212;Y3Vyc29yOjQ0;ReactPrimer/ReactPrimer;ReactPrimer;https://github.com/ReactPrimer/ReactPrimer;744;react-component;2017-10-31 17:20:09+00:00
54;Y3Vyc29yOjU1;ukrbublik/react-awesome-query-builder;react-awesome-query-builder;https://github.com/ukrbublik/react-awesome-query-builder;715;react-components;2017-07-26 12:07:17+00:00
55;Y3Vyc29yOjU2;anubhavsrivastava/awesome-ui-component-library;awesome-ui-component-library;https://github.com/anubhavsrivastava/awesome-ui-component-library;708;react-components;2018-11-25 07:32:19+00:00
213;Y3Vyc29yOjQ2;insin/react-maskedinput;react-maskedinput;https://github.com/insin/react-maskedinput;704;react-component;2015-03-22 03:06:43+00:00
214;Y3Vyc29yOjQ3;davidchin/react-input-range;react-input-range;https://github.com/davidchin/react-input-range;686;react-component;2015-08-26 15:30:28+00:00
56;Y3Vyc29yOjU3;seeden/react-facebook;react-facebook;https://github.com/seeden/react-facebook;673;react-components;2016-02-21 17:31:51+00:00
57;Y3Vyc29yOjU4;blueberryapps/react-bluekit;react-bluekit;https://github.com/blueberryapps/react-bluekit;661;react-components;2015-11-24 13:17:51+00:00
215;Y3Vyc29yOjQ4;juliancwirko/react-s-alert;react-s-alert;https://github.com/juliancwirko/react-s-alert;658;react-component;2015-12-30 19:35:11+00:00
58;Y3Vyc29yOjU5;stephane-monnot/react-vertical-timeline;react-vertical-timeline;https://github.com/stephane-monnot/react-vertical-timeline;653;react-components;2017-10-26 22:06:31+00:00
216;Y3Vyc29yOjQ5;sindresorhus/react-extras;react-extras;https://github.com/sindresorhus/react-extras;652;react-component;2018-01-18 02:57:57+00:00
59;Y3Vyc29yOjYw;mbasso/react-decoration;react-decoration;https://github.com/mbasso/react-decoration;641;react-components;2016-09-27 20:59:55+00:00
60;Y3Vyc29yOjYx;pivotal-cf/pivotal-ui;pivotal-ui;https://github.com/pivotal-cf/pivotal-ui;638;react-components;2014-05-16 18:52:56+00:00
61;Y3Vyc29yOjYy;sumup-oss/circuit-ui;circuit-ui;https://github.com/sumup-oss/circuit-ui;638;react-components;2017-06-26 09:57:50+00:00
217;Y3Vyc29yOjUw;zillow/react-slider;react-slider;https://github.com/zillow/react-slider;637;react-component;2014-08-08 22:18:34+00:00
218;Y3Vyc29yOjUx;react-component/select;select;https://github.com/react-component/select;625;react-component;2015-01-29 15:38:52+00:00
219;Y3Vyc29yOjUy;braposo/react-text-loop;react-text-loop;https://github.com/braposo/react-text-loop;608;react-component;2017-03-20 18:22:24+00:00
220;Y3Vyc29yOjUz;fkhadra/react-contexify;react-contexify;https://github.com/fkhadra/react-contexify;601;react-component;2016-06-20 06:32:23+00:00
62;Y3Vyc29yOjYz;Detaysoft/react-chat-elements;react-chat-elements;https://github.com/Detaysoft/react-chat-elements;590;react-components;2017-07-30 18:46:29+00:00
63;Y3Vyc29yOjY0;kimmelsg/cj-upload;cj-upload;https://github.com/kimmelsg/cj-upload;588;react-components;2016-08-30 03:15:37+00:00
221;Y3Vyc29yOjU0;xobotyi/react-scrollbars-custom;react-scrollbars-custom;https://github.com/xobotyi/react-scrollbars-custom;584;react-component;2018-07-02 09:25:44+00:00
222;Y3Vyc29yOjU1;surmon-china/surmon.me.native;surmon.me.native;https://github.com/surmon-china/surmon.me.native;584;react-component;2017-03-29 11:06:05+00:00
64;Y3Vyc29yOjY1;digiaonline/react-foundation;react-foundation;https://github.com/digiaonline/react-foundation;574;react-components;2016-03-10 19:58:03+00:00
65;Y3Vyc29yOjY2;creativetimofficial/light-bootstrap-dashboard-react;light-bootstrap-dashboard-react;https://github.com/creativetimofficial/light-bootstrap-dashboard-react;571;react-components;2017-09-19 14:03:33+00:00
223;Y3Vyc29yOjU2;sghall/react-compound-slider;react-compound-slider;https://github.com/sghall/react-compound-slider;559;react-component;2017-08-10 19:32:46+00:00
224;Y3Vyc29yOjU3;uiwjs/uiw;uiw;https://github.com/uiwjs/uiw;538;react-component;2017-10-26 11:39:32+00:00
66;Y3Vyc29yOjY3;react-theming/storybook-addon-material-ui;storybook-addon-material-ui;https://github.com/react-theming/storybook-addon-material-ui;522;react-components;2016-09-13 08:30:16+00:00
67;Y3Vyc29yOjY4;infeng/react-viewer;react-viewer;https://github.com/infeng/react-viewer;511;react-components;2016-09-29 14:57:05+00:00
225;Y3Vyc29yOjU4;wangzuo/input-moment;input-moment;https://github.com/wangzuo/input-moment;508;react-component;2015-10-30 12:52:03+00:00
226;Y3Vyc29yOjU5;rcdexta/react-event-timeline;react-event-timeline;https://github.com/rcdexta/react-event-timeline;504;react-component;2016-10-16 11:18:46+00:00
68;Y3Vyc29yOjY5;antvis/Graphin;Graphin;https://github.com/antvis/Graphin;499;react-components;2019-11-06 13:15:50+00:00
69;Y3Vyc29yOjcw;craig1123/react-recipes;react-recipes;https://github.com/craig1123/react-recipes;474;react-components;2019-10-25 02:01:29+00:00
70;Y3Vyc29yOjcx;10086XIAOZHANG/CP-DESIGN;CP-DESIGN;https://github.com/10086XIAOZHANG/CP-DESIGN;466;react-components;2020-03-15 15:42:12+00:00
71;Y3Vyc29yOjcy;spotify/reactochart;reactochart;https://github.com/spotify/reactochart;463;react-components;2016-01-07 20:58:18+00:00
72;Y3Vyc29yOjcz;patternfly/patternfly-react;patternfly-react;https://github.com/patternfly/patternfly-react;463;react-components;2017-03-08 22:31:12+00:00
73;Y3Vyc29yOjc0;kulakowka/react-bulma;react-bulma;https://github.com/kulakowka/react-bulma;454;react-components;2017-05-30 21:04:25+00:00
74;Y3Vyc29yOjc1;dsznajder/vscode-es7-javascript-react-snippets;vscode-es7-javascript-react-snippets;https://github.com/dsznajder/vscode-es7-javascript-react-snippets;453;react-components;2017-06-07 18:52:04+00:00
227;Y3Vyc29yOjYw;maxmarinich/react-alice-carousel;react-alice-carousel;https://github.com/maxmarinich/react-alice-carousel;451;react-component;2017-02-20 09:01:56+00:00
228;Y3Vyc29yOjYx;ant-design/sunflower;sunflower;https://github.com/ant-design/sunflower;445;react-component;2019-06-13 06:38:39+00:00
229;Y3Vyc29yOjYy;gabrielbull/react-router-server;react-router-server;https://github.com/gabrielbull/react-router-server;443;react-component;2012-03-18 03:41:56+00:00
75;Y3Vyc29yOjc2;strapi/buffet;buffet;https://github.com/strapi/buffet;441;react-components;2019-01-25 09:47:01+00:00
76;Y3Vyc29yOjc3;brandonmowat/react-chat-ui;react-chat-ui;https://github.com/brandonmowat/react-chat-ui;436;react-components;2016-08-22 14:11:11+00:00
77;Y3Vyc29yOjc4;cloudinary/cloudinary-react;cloudinary-react;https://github.com/cloudinary/cloudinary-react;430;react-components;2016-08-30 10:56:20+00:00
230;Y3Vyc29yOjYz;azouaoui-med/react-pro-sidebar;react-pro-sidebar;https://github.com/azouaoui-med/react-pro-sidebar;412;react-component;2020-05-06 14:24:16+00:00
231;Y3Vyc29yOjY0;bchao1/chart-race-react;chart-race-react;https://github.com/bchao1/chart-race-react;409;react-component;2019-10-20 14:19:05+00:00
232;Y3Vyc29yOjY1;mhnpd/react-loader-spinner;react-loader-spinner;https://github.com/mhnpd/react-loader-spinner;407;react-component;2017-11-27 07:42:04+00:00
78;Y3Vyc29yOjc5;instamobile/recipes-app-react-native;recipes-app-react-native;https://github.com/instamobile/recipes-app-react-native;405;react-components;2019-07-23 03:53:48+00:00
79;Y3Vyc29yOjgw;TroyAlford/react-jsx-parser;react-jsx-parser;https://github.com/TroyAlford/react-jsx-parser;402;react-components;2017-01-30 00:28:31+00:00
233;Y3Vyc29yOjY3;xiaody/react-lines-ellipsis;react-lines-ellipsis;https://github.com/xiaody/react-lines-ellipsis;392;react-component;2016-11-25 08:33:21+00:00
80;Y3Vyc29yOjgx;bem/bem-react;bem-react;https://github.com/bem/bem-react;388;react-components;2016-06-01 16:16:02+00:00
81;Y3Vyc29yOjgy;ayrton/react-key-handler;react-key-handler;https://github.com/ayrton/react-key-handler;387;react-components;2016-02-27 20:27:48+00:00
234;Y3Vyc29yOjY5;kirill3333/react-avatar;react-avatar;https://github.com/kirill3333/react-avatar;382;react-component;2017-08-04 16:35:22+00:00
82;Y3Vyc29yOjgz;ConsenSysMesh/rimble-ui;rimble-ui;https://github.com/ConsenSysMesh/rimble-ui;380;react-components;2018-07-10 18:24:51+00:00
83;Y3Vyc29yOjg0;dennismorello/react-awesome-reveal;react-awesome-reveal;https://github.com/dennismorello/react-awesome-reveal;375;react-components;2019-11-24 10:39:59+00:00
84;Y3Vyc29yOjg1;XiaoMi/hiui;hiui;https://github.com/XiaoMi/hiui;373;react-components;2018-10-08 10:10:20+00:00
85;Y3Vyc29yOjg2;bmcmahen/sancho;sancho;https://github.com/bmcmahen/sancho;371;react-components;2019-02-25 20:50:06+00:00
86;Y3Vyc29yOjg3;vortesnail/qier-player;qier-player;https://github.com/vortesnail/qier-player;369;react-components;2019-10-14 12:54:21+00:00
235;Y3Vyc29yOjcw;lindelof/particles-bg;particles-bg;https://github.com/lindelof/particles-bg;366;react-component;2019-11-22 06:27:42+00:00
87;Y3Vyc29yOjg4;iansinnott/react-string-replace;react-string-replace;https://github.com/iansinnott/react-string-replace;363;react-components;2016-02-03 23:22:02+00:00
88;Y3Vyc29yOjg5;leefsmp/Re-Flex;Re-Flex;https://github.com/leefsmp/Re-Flex;362;react-components;2016-12-21 06:49:31+00:00
236;Y3Vyc29yOjcx;learn-anything/react-mindmap;react-mindmap;https://github.com/learn-anything/react-mindmap;360;react-component;2017-05-15 22:47:04+00:00
237;Y3Vyc29yOjcy;ctxhou/react-tabtab;react-tabtab;https://github.com/ctxhou/react-tabtab;350;react-component;2015-09-23 07:53:31+00:00
238;Y3Vyc29yOjcz;slmgc/react-hint;react-hint;https://github.com/slmgc/react-hint;338;react-component;2016-09-18 16:57:59+00:00
89;Y3Vyc29yOjkw;sarneeh/reaptcha;reaptcha;https://github.com/sarneeh/reaptcha;331;react-components;2018-05-29 08:55:50+00:00
239;Y3Vyc29yOjc0;i-like-robots/react-tags;react-tags;https://github.com/i-like-robots/react-tags;330;react-component;2016-02-15 16:48:10+00:00
240;Y3Vyc29yOjc1;lhandel/react-native-card-stack-swiper;react-native-card-stack-swiper;https://github.com/lhandel/react-native-card-stack-swiper;323;react-component;2017-11-07 07:16:18+00:00
90;Y3Vyc29yOjkx;segunadebayo/chakra-ui;chakra-ui;https://github.com/segunadebayo/chakra-ui;321;react-components;2019-06-06 23:07:21+00:00
241;Y3Vyc29yOjc2;sindresorhus/react-router-util;react-router-util;https://github.com/sindresorhus/react-router-util;321;react-component;2018-01-12 14:31:24+00:00
91;Y3Vyc29yOjky;React-Scope/React-Scope;React-Scope;https://github.com/React-Scope/React-Scope;317;react-components;2018-01-20 18:50:49+00:00
242;Y3Vyc29yOjc3;react-component/tween-one;tween-one;https://github.com/react-component/tween-one;314;react-component;2015-12-21 12:28:15+00:00
92;Y3Vyc29yOjkz;wwwaiser/react-js-pagination;react-js-pagination;https://github.com/wwwaiser/react-js-pagination;310;react-components;2015-09-30 11:40:57+00:00
93;Y3Vyc29yOjk0;ibitcy/eo-locale;eo-locale;https://github.com/ibitcy/eo-locale;305;react-components;2018-05-10 13:59:53+00:00
243;Y3Vyc29yOjc5;diogomoretti/react-snakke;react-snakke;https://github.com/diogomoretti/react-snakke;305;react-component;2019-03-06 23:24:36+00:00
244;Y3Vyc29yOjgw;asmyshlyaev177/react-horizontal-scrolling-menu;react-horizontal-scrolling-menu;https://github.com/asmyshlyaev177/react-horizontal-scrolling-menu;305;react-component;2018-07-13 14:17:33+00:00
94;Y3Vyc29yOjk1;avocode/react-shortcuts;react-shortcuts;https://github.com/avocode/react-shortcuts;301;react-components;2015-08-21 09:09:16+00:00
95;Y3Vyc29yOjk2;garrettmac/react-native-pagination;react-native-pagination;https://github.com/garrettmac/react-native-pagination;298;react-components;2017-07-17 16:41:59+00:00
96;Y3Vyc29yOjk3;ruby-hyperloop/hyper-react;hyper-react;https://github.com/ruby-hyperloop/hyper-react;295;react-components;2016-06-09 18:24:04+00:00
97;Y3Vyc29yOjk4;twisty/formsy-react-components;formsy-react-components;https://github.com/twisty/formsy-react-components;290;react-components;2015-04-29 10:04:39+00:00
245;Y3Vyc29yOjgy;jaywcjlove/react-hotkeys;react-hotkeys;https://github.com/jaywcjlove/react-hotkeys;289;react-component;2017-08-15 15:08:06+00:00
246;Y3Vyc29yOjgz;rmariuzzo/react-new-window;react-new-window;https://github.com/rmariuzzo/react-new-window;288;react-component;2017-11-08 15:30:59+00:00
247;Y3Vyc29yOjg0;gribnoysup/react-yandex-maps;react-yandex-maps;https://github.com/gribnoysup/react-yandex-maps;280;react-component;2016-10-27 14:13:58+00:00
98;Y3Vyc29yOjk5;bcrumbs/reactackle;reactackle;https://github.com/bcrumbs/reactackle;278;react-components;2017-06-15 17:17:16+00:00
99;Y3Vyc29yOjEwMA==;philipp-spiess/react-recomponent;react-recomponent;https://github.com/philipp-spiess/react-recomponent;272;react-components;2018-06-02 13:05:01+00:00
100;Y3Vyc29yOjEwMQ==;pagarme/react-event-components;react-event-components;https://github.com/pagarme/react-event-components;272;react-components;2016-11-05 15:22:59+00:00
248;Y3Vyc29yOjg1;hustcc/timeago-react;timeago-react;https://github.com/hustcc/timeago-react;270;react-component;2016-08-08 03:23:03+00:00
249;Y3Vyc29yOjg2;enkidevs/seapig;seapig;https://github.com/enkidevs/seapig;270;react-component;2017-07-04 04:43:36+00:00
101;Y3Vyc29yOjEwMg==;JulienRioux/flawwwless-ui;flawwwless-ui;https://github.com/JulienRioux/flawwwless-ui;265;react-components;2019-06-19 14:13:12+00:00
102;Y3Vyc29yOjEwMw==;contiamo/operational-ui;operational-ui;https://github.com/contiamo/operational-ui;262;react-components;2017-08-02 11:44:17+00:00
103;Y3Vyc29yOjEwNA==;coreui/coreui-react;coreui-react;https://github.com/coreui/coreui-react;260;react-components;2018-02-26 18:14:32+00:00
250;Y3Vyc29yOjg4;tj/react-batch;react-batch;https://github.com/tj/react-batch;258;react-component;2017-05-21 01:18:34+00:00
251;Y3Vyc29yOjg5;tommoor/react-emoji-render;react-emoji-render;https://github.com/tommoor/react-emoji-render;258;react-component;2017-04-07 02:34:20+00:00
104;Y3Vyc29yOjEwNQ==;adexin/spinners-react;spinners-react;https://github.com/adexin/spinners-react;257;react-components;2020-02-12 13:05:47+00:00
105;Y3Vyc29yOjEwNg==;Esri/react-arcgis;react-arcgis;https://github.com/Esri/react-arcgis;256;react-components;2017-03-17 19:06:37+00:00
106;Y3Vyc29yOjEwNw==;toomuchdesign/react-minimal-pie-chart;react-minimal-pie-chart;https://github.com/toomuchdesign/react-minimal-pie-chart;254;react-components;2017-03-13 11:35:57+00:00
252;Y3Vyc29yOjkw;mukeshsoni/react-telephone-input;react-telephone-input;https://github.com/mukeshsoni/react-telephone-input;253;react-component;2014-11-28 07:58:11+00:00
107;Y3Vyc29yOjEwOA==;creativetimofficial/notus-react;notus-react;https://github.com/creativetimofficial/notus-react;251;react-components;2020-09-01 07:23:16+00:00
253;Y3Vyc29yOjkx;react-component/virtual-list;virtual-list;https://github.com/react-component/virtual-list;249;react-component;2019-07-05 08:18:55+00:00
108;Y3Vyc29yOjEwOQ==;alexeyraspopov/react-coroutine;react-coroutine;https://github.com/alexeyraspopov/react-coroutine;248;react-components;2016-09-07 09:40:27+00:00
109;Y3Vyc29yOjExMA==;knightsj/GitHubPopular-SJ;GitHubPopular-SJ;https://github.com/knightsj/GitHubPopular-SJ;245;react-components;2017-08-29 02:31:37+00:00
254;Y3Vyc29yOjky;chentsulin/sweetalert-react;sweetalert-react;https://github.com/chentsulin/sweetalert-react;244;react-component;2015-07-12 12:25:55+00:00
255;Y3Vyc29yOjkz;enigma-io/boundless;boundless;https://github.com/enigma-io/boundless;242;react-component;2016-12-07 21:33:41+00:00
256;Y3Vyc29yOjk0;abraztsov/react-sweet-progress;react-sweet-progress;https://github.com/abraztsov/react-sweet-progress;241;react-component;2017-04-06 18:13:33+00:00
257;Y3Vyc29yOjk1;jxnblk/react-css-grid;react-css-grid;https://github.com/jxnblk/react-css-grid;241;react-component;2016-07-31 05:04:40+00:00
110;Y3Vyc29yOjExMQ==;lilactown/hx;hx;https://github.com/lilactown/hx;240;react-components;2018-06-08 15:02:28+00:00
111;Y3Vyc29yOjExMg==;manofit/React-Native_demo;React-Native_demo;https://github.com/manofit/React-Native_demo;239;react-components;2018-04-18 00:55:48+00:00
258;Y3Vyc29yOjk3;MinJieLiu/react-photo-view;react-photo-view;https://github.com/MinJieLiu/react-photo-view;233;react-component;2018-09-03 01:30:40+00:00
112;Y3Vyc29yOjExMw==;juliancwirko/react-npm-boilerplate;react-npm-boilerplate;https://github.com/juliancwirko/react-npm-boilerplate;227;react-components;2016-02-13 16:54:01+00:00
113;Y3Vyc29yOjExNA==;emortlock/tailwind-react-ui;tailwind-react-ui;https://github.com/emortlock/tailwind-react-ui;225;react-components;2018-08-10 06:19:43+00:00
114;Y3Vyc29yOjExNQ==;Yoshino-UI/Yoshino;Yoshino;https://github.com/Yoshino-UI/Yoshino;216;react-components;2018-03-25 08:00:14+00:00
259;Y3Vyc29yOjk5;40818419/react-code-input;react-code-input;https://github.com/40818419/react-code-input;215;react-component;2016-10-19 12:58:58+00:00
260;Y3Vyc29yOjEwMA==;hustcc/react-adsense;react-adsense;https://github.com/hustcc/react-adsense;214;react-component;2016-10-09 11:29:32+00:00
115;Y3Vyc29yOjExNg==;worldzhao/react-ui-library-tutorial;react-ui-library-tutorial;https://github.com/worldzhao/react-ui-library-tutorial;210;react-components;2019-12-18 01:59:46+00:00
116;Y3Vyc29yOjExNw==;Lodin/react-vtree;react-vtree;https://github.com/Lodin/react-vtree;205;react-components;2017-12-25 10:10:21+00:00
117;Y3Vyc29yOjExOA==;jxnblk/nano-component;nano-component;https://github.com/jxnblk/nano-component;202;react-components;2017-07-25 21:56:54+00:00
118;Y3Vyc29yOjExOQ==;aichbauer/styled-bootstrap-components;styled-bootstrap-components;https://github.com/aichbauer/styled-bootstrap-components;196;react-components;2018-03-06 19:48:13+00:00
119;Y3Vyc29yOjEyMA==;ice-lab/react-materials;react-materials;https://github.com/ice-lab/react-materials;189;react-components;2019-04-02 13:14:12+00:00
120;Y3Vyc29yOjEyMQ==;upmostly/modali;modali;https://github.com/upmostly/modali;184;react-components;2019-04-04 10:50:27+00:00
121;Y3Vyc29yOjEyMg==;Flagsmith/react-native-performance-monitor;react-native-performance-monitor;https://github.com/Flagsmith/react-native-performance-monitor;183;react-components;2020-02-10 20:54:35+00:00
122;Y3Vyc29yOjEyMw==;sapegin/react-components;react-components;https://github.com/sapegin/react-components;182;react-components;2016-09-01 13:04:10+00:00
123;Y3Vyc29yOjEyNA==;enactjs/enact;enact;https://github.com/enactjs/enact;181;react-components;2016-09-08 00:14:51+00:00
124;Y3Vyc29yOjEyNQ==;alexanderwallin/react-player-controls;react-player-controls;https://github.com/alexanderwallin/react-player-controls;177;react-components;2016-06-10 10:19:54+00:00
125;Y3Vyc29yOjEyNg==;alibaba-fusion/materials;materials;https://github.com/alibaba-fusion/materials;173;react-components;2018-06-29 06:24:31+00:00
126;Y3Vyc29yOjEyNw==;syncfusion/ej2-react-ui-components;ej2-react-ui-components;https://github.com/syncfusion/ej2-react-ui-components;173;react-components;2018-10-31 06:16:27+00:00
127;Y3Vyc29yOjEyOA==;cerner/terra-core;terra-core;https://github.com/cerner/terra-core;168;react-components;2017-02-24 18:57:33+00:00
128;Y3Vyc29yOjEyOQ==;calibreapp/react-live-chat-loader;react-live-chat-loader;https://github.com/calibreapp/react-live-chat-loader;167;react-components;2019-07-09 01:30:00+00:00
129;Y3Vyc29yOjEzMA==;ooade/react-rough;react-rough;https://github.com/ooade/react-rough;165;react-components;2017-03-23 00:47:21+00:00
130;Y3Vyc29yOjEzMQ==;dmitrymorozoff/react-spinners-kit;react-spinners-kit;https://github.com/dmitrymorozoff/react-spinners-kit;163;react-components;2018-09-16 13:01:41+00:00
131;Y3Vyc29yOjEzMg==;KaiHotz/react-formik-ui;react-formik-ui;https://github.com/KaiHotz/react-formik-ui;155;react-components;2018-06-03 13:20:33+00:00
132;Y3Vyc29yOjEzMw==;rajinwonderland/react-code-blocks;react-code-blocks;https://github.com/rajinwonderland/react-code-blocks;154;react-components;2019-05-06 06:18:03+00:00
133;Y3Vyc29yOjEzNA==;xDae/styled-bootstrap;styled-bootstrap;https://github.com/xDae/styled-bootstrap;154;react-components;2017-05-21 16:12:06+00:00
134;Y3Vyc29yOjEzNQ==;shine-design/shine-design;shine-design;https://github.com/shine-design/shine-design;154;react-components;2018-08-29 15:50:54+00:00
135;Y3Vyc29yOjEzNg==;SAP/fundamental-react;fundamental-react;https://github.com/SAP/fundamental-react;152;react-components;2018-09-07 18:43:00+00:00
261;Y3Vyc29yOjEwMQ==;kareemaly/react-items-carousel;react-items-carousel;https://github.com/kareemaly/react-items-carousel;152;react-component;2017-04-03 16:50:57+00:00
136;Y3Vyc29yOjEzNw==;prometheusresearch-archive/react-stylesheet;react-stylesheet;https://github.com/prometheusresearch-archive/react-stylesheet;150;react-components;2015-09-04 10:00:32+00:00
137;Y3Vyc29yOjEzOA==;atlassian/extract-react-types;extract-react-types;https://github.com/atlassian/extract-react-types;150;react-components;2017-08-29 01:43:22+00:00
262;Y3Vyc29yOjEwMg==;rhysd/react-vimjs;react-vimjs;https://github.com/rhysd/react-vimjs;148;react-component;2015-10-05 11:32:57+00:00
263;Y3Vyc29yOjEwMw==;NomanGul/react-page-progress;react-page-progress;https://github.com/NomanGul/react-page-progress;148;react-component;2018-12-31 17:05:16+00:00
138;Y3Vyc29yOjEzOQ==;Metroxe/react-border-wrapper;react-border-wrapper;https://github.com/Metroxe/react-border-wrapper;147;react-components;2019-03-16 01:39:34+00:00
139;Y3Vyc29yOjE0MA==;One-Nexus/Synergy;Synergy;https://github.com/One-Nexus/Synergy;146;react-components;2015-07-21 22:58:45+00:00
264;Y3Vyc29yOjEwNQ==;socialtables/react-user-tour;react-user-tour;https://github.com/socialtables/react-user-tour;145;react-component;2015-10-27 19:45:21+00:00
140;Y3Vyc29yOjE0MQ==;codegeous/react-component-depot;react-component-depot;https://github.com/codegeous/react-component-depot;142;react-components;2020-04-18 19:05:42+00:00
141;Y3Vyc29yOjE0Mg==;contentful/forma-36;forma-36;https://github.com/contentful/forma-36;142;react-components;2018-10-19 13:00:05+00:00
265;Y3Vyc29yOjEwNg==;duan602728596/antd-schema-form;antd-schema-form;https://github.com/duan602728596/antd-schema-form;141;react-component;2018-11-19 15:13:18+00:00
266;Y3Vyc29yOjEwNw==;snaerth/create-react-component-folder;create-react-component-folder;https://github.com/snaerth/create-react-component-folder;141;react-component;2018-02-06 21:48:59+00:00
142;Y3Vyc29yOjE0Mw==;pierreericgarcia/react-step-progress-bar;react-step-progress-bar;https://github.com/pierreericgarcia/react-step-progress-bar;140;react-components;2018-08-21 17:01:19+00:00
143;Y3Vyc29yOjE0NA==;NorthwoodsSoftware/gojs-react;gojs-react;https://github.com/NorthwoodsSoftware/gojs-react;139;react-components;2019-10-21 17:43:14+00:00
144;Y3Vyc29yOjE0NQ==;vtex/styleguide;styleguide;https://github.com/vtex/styleguide;139;react-components;2017-04-20 15:28:03+00:00
145;Y3Vyc29yOjE0Ng==;brainly/style-guide;style-guide;https://github.com/brainly/style-guide;138;react-components;2015-06-18 13:12:08+00:00
267;Y3Vyc29yOjEwOA==;jsdevkr/axui-datagrid;axui-datagrid;https://github.com/jsdevkr/axui-datagrid;138;react-component;2017-08-23 05:54:27+00:00
268;Y3Vyc29yOjEwOQ==;flyerhq/react-native-keyboard-accessory-view;react-native-keyboard-accessory-view;https://github.com/flyerhq/react-native-keyboard-accessory-view;136;react-component;2020-06-06 01:05:19+00:00
146;Y3Vyc29yOjE0Nw==;blakeembrey/react-free-style;react-free-style;https://github.com/blakeembrey/react-free-style;135;react-components;2015-03-14 20:53:49+00:00
269;Y3Vyc29yOjExMA==;cchanxzy/react-currency-input-field;react-currency-input-field;https://github.com/cchanxzy/react-currency-input-field;135;react-component;2018-09-30 16:46:24+00:00
147;Y3Vyc29yOjE0OA==;RD17/react-trumbowyg;react-trumbowyg;https://github.com/RD17/react-trumbowyg;132;react-components;2016-11-09 18:18:57+00:00
148;Y3Vyc29yOjE0OQ==;TechniqueSoftware/react-json-schema;react-json-schema;https://github.com/TechniqueSoftware/react-json-schema;130;react-components;2015-10-01 18:11:24+00:00
149;Y3Vyc29yOjE1MA==;martinnov92/React-Splitters;React-Splitters;https://github.com/martinnov92/React-Splitters;130;react-components;2017-02-25 09:35:07+00:00
150;Y3Vyc29yOjE1MQ==;imranhsayed/react-workshop;react-workshop;https://github.com/imranhsayed/react-workshop;129;react-components;2019-04-07 16:00:41+00:00
270;Y3Vyc29yOjExMg==;loogle18/xray-react;xray-react;https://github.com/loogle18/xray-react;128;react-component;2018-05-24 08:47:27+00:00
151;Y3Vyc29yOjE1Mg==;kitten/rxjs-diagrams;rxjs-diagrams;https://github.com/kitten/rxjs-diagrams;126;react-components;2017-01-10 00:19:44+00:00
152;Y3Vyc29yOjE1Mw==;kensho-technologies/orama;orama;https://github.com/kensho-technologies/orama;125;react-components;2017-05-12 14:14:11+00:00
153;Y3Vyc29yOjE1NA==;bentaylor2/react-structured-data;react-structured-data;https://github.com/bentaylor2/react-structured-data;124;react-components;2017-12-13 21:34:59+00:00
271;Y3Vyc29yOjExMw==;codeslayer1/react-ckeditor;react-ckeditor;https://github.com/codeslayer1/react-ckeditor;124;react-component;2017-06-15 07:29:01+00:00
272;Y3Vyc29yOjExNQ==;chagasaway/react-native-fading-slides;react-native-fading-slides;https://github.com/chagasaway/react-native-fading-slides;123;react-component;2015-10-11 04:08:12+00:00
154;Y3Vyc29yOjE1NQ==;intellidev1991/react-native-image-slider-box;react-native-image-slider-box;https://github.com/intellidev1991/react-native-image-slider-box;122;react-components;2019-07-31 13:58:08+00:00
155;Y3Vyc29yOjE1Ng==;sanity-io/block-content-to-react;block-content-to-react;https://github.com/sanity-io/block-content-to-react;121;react-components;2017-06-08 07:02:33+00:00
273;Y3Vyc29yOjExNg==;danrouse/react-audio-recorder;react-audio-recorder;https://github.com/danrouse/react-audio-recorder;121;react-component;2015-12-06 01:53:20+00:00
156;Y3Vyc29yOjE1Nw==;brainhubeu/gatsby-docs-kit;gatsby-docs-kit;https://github.com/brainhubeu/gatsby-docs-kit;120;react-components;2018-06-11 11:49:00+00:00
157;Y3Vyc29yOjE1OA==;u-wave/react-vimeo;react-vimeo;https://github.com/u-wave/react-vimeo;120;react-components;2017-04-24 18:58:06+00:00
158;Y3Vyc29yOjE1OQ==;callstack/component-docs;component-docs;https://github.com/callstack/component-docs;119;react-components;2016-12-04 10:34:26+00:00
159;Y3Vyc29yOjE2MA==;heartexlabs/label-studio-frontend;label-studio-frontend;https://github.com/heartexlabs/label-studio-frontend;119;react-components;2020-01-08 13:45:26+00:00
160;Y3Vyc29yOjE2MQ==;shuiRong/Gakki;Gakki;https://github.com/shuiRong/Gakki;119;react-components;2018-12-14 15:15:02+00:00
161;Y3Vyc29yOjE2Mg==;fluent-org/fluent-windows;fluent-windows;https://github.com/fluent-org/fluent-windows;119;react-components;2019-07-14 10:33:02+00:00
162;Y3Vyc29yOjE2Mw==;Merri/react-lazy;react-lazy;https://github.com/Merri/react-lazy;118;react-components;2015-07-27 16:23:28+00:00
163;Y3Vyc29yOjE2NA==;felangel/bloc.js;bloc.js;https://github.com/felangel/bloc.js;118;react-components;2019-08-11 05:01:32+00:00
274;Y3Vyc29yOjExOQ==;lochbrunner/react-flow-editor;react-flow-editor;https://github.com/lochbrunner/react-flow-editor;118;react-component;2018-08-22 20:44:41+00:00
275;Y3Vyc29yOjEyMA==;insin/react-router-active-component;react-router-active-component;https://github.com/insin/react-router-active-component;115;react-component;2015-01-07 10:45:05+00:00
164;Y3Vyc29yOjE2NQ==;binbytes/react-native-firebase-chat;react-native-firebase-chat;https://github.com/binbytes/react-native-firebase-chat;114;react-components;2018-12-11 14:44:03+00:00
165;Y3Vyc29yOjE2Ng==;Turkyden/react-darkreader;react-darkreader;https://github.com/Turkyden/react-darkreader;113;react-components;2020-11-24 03:53:25+00:00
276;Y3Vyc29yOjEyMQ==;ekeric13/react-star-ratings;react-star-ratings;https://github.com/ekeric13/react-star-ratings;113;react-component;2017-04-05 02:21:41+00:00
277;Y3Vyc29yOjEyMg==;InterfaceKit/react-native-interactive-image-gallery;react-native-interactive-image-gallery;https://github.com/InterfaceKit/react-native-interactive-image-gallery;111;react-component;2017-11-07 15:26:45+00:00
278;Y3Vyc29yOjEyMw==;kenshoo/react-multi-select;react-multi-select;https://github.com/kenshoo/react-multi-select;110;react-component;2018-02-28 07:47:22+00:00
166;Y3Vyc29yOjE2Nw==;weiqinke/react-admin-nest;react-admin-nest;https://github.com/weiqinke/react-admin-nest;109;react-components;2021-01-31 02:05:03+00:00
167;Y3Vyc29yOjE2OA==;yahoo/jafar;jafar;https://github.com/yahoo/jafar;108;react-components;2020-01-02 17:09:18+00:00
168;Y3Vyc29yOjE2OQ==;Talend/ui;ui;https://github.com/Talend/ui;108;react-components;2017-01-18 13:45:58+00:00
279;Y3Vyc29yOjEyNA==;socialtables/react-image-fallback;react-image-fallback;https://github.com/socialtables/react-image-fallback;107;react-component;2015-08-20 13:50:27+00:00
280;Y3Vyc29yOjEyNQ==;alexgarces/react-typeform-embed;react-typeform-embed;https://github.com/alexgarces/react-typeform-embed;105;react-component;2017-09-23 17:42:40+00:00
169;Y3Vyc29yOjE3MA==;based-ghost/react-functional-select;react-functional-select;https://github.com/based-ghost/react-functional-select;104;react-components;2019-10-21 02:54:11+00:00
170;Y3Vyc29yOjE3MQ==;ashutosh1919/react-awesome-loaders;react-awesome-loaders;https://github.com/ashutosh1919/react-awesome-loaders;103;react-components;2021-01-06 06:36:41+00:00
171;Y3Vyc29yOjE3Mg==;tranbathanhtung/re-jok;re-jok;https://github.com/tranbathanhtung/re-jok;102;react-components;2018-05-24 13:59:11+00:00
172;Y3Vyc29yOjE3Mw==;K-G-PRAJWAL/ReactJS-Projects;ReactJS-Projects;https://github.com/K-G-PRAJWAL/ReactJS-Projects;101;react-components;2020-04-10 05:39:01+00:00
