,nameWithOwner,url,createAt
0,anuraghazra/github-readme-stats,https://github.com/anuraghazra/github-readme-stats,
1,microsoft/Web-Dev-For-Beginners,https://github.com/microsoft/Web-Dev-For-Beginners,
2,facebookexperimental/Recoil,https://github.com/facebookexperimental/Recoil,
3,tailwindlabs/heroicons,https://github.com/tailwindlabs/heroicons,
4,tabler/tabler-icons,https://github.com/tabler/tabler-icons,
5,AMAI-GmbH/AI-Expert-Roadmap,https://github.com/AMAI-GmbH/AI-Expert-Roadmap,
6,bradtraversy/vanillawebprojects,https://github.com/bradtraversy/vanillawebprojects,
7,yemount/pose-animator,https://github.com/yemount/pose-animator,
8,mengshukeji/Luckysheet,https://github.com/mengshukeji/Luckysheet,
9,qeeqbox/social-analyzer,https://github.com/qeeqbox/social-analyzer,
