name_with_owner,stargazer_count,total_issues,closed_issues_with_participants
"['mui-org', 'material-ui']",67655,12830,11854
"['brillout', 'awesome-react-components']",26583,38,34
"['bvaughn', 'react-virtualized']",21535,1038,613
"['enzymejs', 'enzyme']",19502,1715,1396
"['necolas', 'react-native-web']",18606,1427,1194
"['chakra-ui', 'chakra-ui']",17101,1726,1516
"['Semantic-Org', 'Semantic-UI-React']",12199,2383,2059
"['microsoft', 'fluentui']",11204,7506,5979
"['ant-design', 'ant-design-mobile']",8779,3034,2305
"['rebassjs', 'rebass']",7249,469,379
"['uber', 'baseweb']",6253,772,573
"['react-ui-builder', 'structor']",5531,114,68
"['nteract', 'nteract']",5498,1631,1103
"['rsuite', 'rsuite']",5433,519,345
"['mobxjs', 'mobx-react']",4720,671,619
"['shakacode', 'react_on_rails']",4698,640,556
"['adobe', 'react-spectrum']",4507,540,348
"['appbaseio', 'reactivesearch']",4389,1001,662
"['beautifulinteractions', 'beautiful-react-hooks']",4271,39,22
"['APSL', 'react-native-keyboard-aware-scroll-view']",4160,343,217
"['ant-design', 'ant-motion']",4118,241,206
"['0wczar', 'airframe-react']",3507,38,8
"['lingui', 'js-lingui']",3051,583,496
"['roylee0704', 'react-flexbox-grid']",2811,123,78
"['weui', 'react-weui']",2762,223,128
"['ElemeFE', 'element-react']",2614,470,207
"['xiaolin', 'react-image-gallery']",2607,443,378
"['react-component', 'slider']",2478,463,259
"['elrumordelaluz', 'reactour']",2296,251,118
"['zhihu', 'griffith']",2150,61,16
"['video-react', 'video-react']",2098,295,169
"['rcaferati', 'react-awesome-slider']",2075,118,54
"['rnosov', 'react-reveal']",2045,98,38
"['primefaces', 'primereact']",1962,1691,860
"['tabler', 'tabler-react']",1713,194,119
"['geist-org', 'react']",1661,191,141
"['DevExpress', 'devextreme-reactive']",1637,1439,1251
"['nexxtway', 'react-rainbow']",1551,845,609
"['kentcdodds', 'advanced-react-patterns']",1525,4,3
"['siriwatknp', 'mui-treasury']",1474,264,80
"['beizhedenglong', 'rough-charts']",1467,8,7
"['react-cropper', 'react-cropper']",1428,144,86
"['feathericons', 'react-feather']",1412,48,26
"['vazco', 'uniforms']",1387,643,609
"['myxvisual', 'react-uwp']",1147,81,39
"['jaywcjlove', 'awesome-uikit']",1142,1,1
"['jakubgarfield', 'expenses']",1108,14,7
"['couds', 'react-bulma-components']",1025,185,154
"['gilbarbara', 'react-inlinesvg']",958,113,100
"['jrowny', 'react-absolute-grid']",912,40,28
"['CVarisco', 'create-component-app']",879,39,31
"['thedevelobear', 'react-rewards']",863,13,8
"['ZhongAnTech', 'zarm']",873,134,105
"['wix', 'wix-style-react']",802,1318,1127
"['anubhavsrivastava', 'awesome-ui-component-library']",707,1,1
"['ukrbublik', 'react-awesome-query-builder']",709,264,137
"['seeden', 'react-facebook']",672,139,89
"['blueberryapps', 'react-bluekit']",660,42,21
"['stephane-monnot', 'react-vertical-timeline']",646,80,60
"['mbasso', 'react-decoration']",641,9,5
"['pivotal-cf', 'pivotal-ui']",638,270,231
"['sumup-oss', 'circuit-ui']",637,159,120
"['kimmelsg', 'cj-upload']",588,24,12
"['Detaysoft', 'react-chat-elements']",586,43,27
"['digiaonline', 'react-foundation']",573,52,39
"['creativetimofficial', 'light-bootstrap-dashboard-react']",568,67,55
"['react-theming', 'storybook-addon-material-ui']",521,75,52
"['infeng', 'react-viewer']",506,112,74
"['antvis', 'Graphin']",497,125,88
"['craig1123', 'react-recipes']",471,8,1
"['10086XIAOZHANG', 'CP-DESIGN']",466,8,0
"['spotify', 'reactochart']",463,43,22
"['patternfly', 'patternfly-react']",461,2703,2006
"['kulakowka', 'react-bulma']",454,16,7
"['dsznajder', 'vscode-es7-javascript-react-snippets']",451,88,71
"['strapi', 'buffet']",437,32,18
"['brandonmowat', 'react-chat-ui']",434,25,14
"['cloudinary', 'cloudinary-react']",431,102,98
"['TroyAlford', 'react-jsx-parser']",401,118,112
"['instamobile', 'recipes-app-react-native']",402,5,1
"['bem', 'bem-react']",387,265,144
"['ayrton', 'react-key-handler']",387,24,12
"['ConsenSysMesh', 'rimble-ui']",377,299,177
"['bmcmahen', 'sancho']",371,44,8
"['XiaoMi', 'hiui']",369,884,408
"['dennismorello', 'react-awesome-reveal']",371,58,41
"['vortesnail', 'qier-player']",368,17,10
"['iansinnott', 'react-string-replace']",362,30,16
"['leefsmp', 'Re-Flex']",360,82,78
"['sarneeh', 'reaptcha']",331,50,25
"['React-Scope', 'React-Scope']",317,10,0
"['segunadebayo', 'chakra-ui']",317,5,0
"['wwwaiser', 'react-js-pagination']",310,75,49
"['ibitcy', 'eo-locale']",305,24,18
"['avocode', 'react-shortcuts']",302,46,18
"['garrettmac', 'react-native-pagination']",298,9,3
"['ruby-hyperloop', 'hyper-react']",295,253,86
"['twisty', 'formsy-react-components']",290,105,81
"['bcrumbs', 'reactackle']",278,72,8
"['philipp-spiess', 'react-recomponent']",272,9,5
"['pagarme', 'react-event-components']",272,15,4
"['JulienRioux', 'flawwwless-ui']",265,6,2
"['contiamo', 'operational-ui']",259,337,203
"['adexin', 'spinners-react']",257,1,0
"['Esri', 'react-arcgis']",256,85,65
"['coreui', 'coreui-react']",260,126,91
"['toomuchdesign', 'react-minimal-pie-chart']",251,54,44
"['alexeyraspopov', 'react-coroutine']",248,5,3
"['knightsj', 'GitHubPopular-SJ']",245,1,0
"['lilactown', 'hx']",240,45,28
"['manofit', 'React-Native_demo']",239,4,0
"['juliancwirko', 'react-npm-boilerplate']",227,6,4
"['emortlock', 'tailwind-react-ui']",224,24,1
"['Yoshino-UI', 'Yoshino']",216,9,2
"['creativetimofficial', 'notus-react']",231,3,1
"['worldzhao', 'react-ui-library-tutorial']",206,15,7
"['Lodin', 'react-vtree']",203,31,24
"['jxnblk', 'nano-component']",202,1,1
"['aichbauer', 'styled-bootstrap-components']",196,37,26
"['ice-lab', 'react-materials']",189,3,0
"['upmostly', 'modali']",185,31,10
"['sapegin', 'react-components']",182,2,1
"['enactjs', 'enact']",180,19,13
"['Flagsmith', 'react-native-performance-monitor']",182,8,4
"['alexanderwallin', 'react-player-controls']",177,37,22
"['syncfusion', 'ej2-react-ui-components']",171,71,58
"['alibaba-fusion', 'materials']",171,9,3
"['cerner', 'terra-core']",167,1500,1206
"['ooade', 'react-rough']",164,118,11
"['dmitrymorozoff', 'react-spinners-kit']",162,12,6
"['calibreapp', 'react-live-chat-loader']",159,19,16
"['KaiHotz', 'react-formik-ui']",155,42,34
"['xDae', 'styled-bootstrap']",154,5,2
"['shine-design', 'shine-design']",154,0,0
"['rajinwonderland', 'react-code-blocks']",154,24,16
"['prometheusresearch-archive', 'react-stylesheet']",150,6,1
"['atlassian', 'extract-react-types']",150,38,14
"['SAP', 'fundamental-react']",150,366,178
"['Metroxe', 'react-border-wrapper']",147,2,1
"['One-Nexus', 'Synergy']",146,12,2
"['contentful', 'forma-36']",142,102,74
"['pierreericgarcia', 'react-step-progress-bar']",140,16,0
"['brainly', 'style-guide']",138,667,319
"['vtex', 'styleguide']",139,302,191
"['NorthwoodsSoftware', 'gojs-react']",138,9,9
"['blakeembrey', 'react-free-style']",135,19,11
"['codegeous', 'react-component-depot']",136,1,0
"['TechniqueSoftware', 'react-json-schema']",130,16,12
"['martinnov92', 'React-Splitters']",130,15,12
"['RD17', 'react-trumbowyg']",131,19,5
"['kitten', 'rxjs-diagrams']",126,2,0
"['kensho-technologies', 'orama']",125,44,16
"['imranhsayed', 'react-workshop']",126,0,0
"['bentaylor2', 'react-structured-data']",123,13,5
"['brainhubeu', 'gatsby-docs-kit']",120,5,4
"['shuiRong', 'Gakki']",119,12,5
"['fluent-org', 'fluent-windows']",119,11,1
"['u-wave', 'react-vimeo']",119,50,19
"['Merri', 'react-lazy']",118,22,19
"['sanity-io', 'block-content-to-react']",118,26,6
"['callstack', 'component-docs']",117,15,2
"['intellidev1991', 'react-native-image-slider-box']",119,63,24
"['felangel', 'bloc.js']",117,8,6
"['binbytes', 'react-native-firebase-chat']",114,3,0
"['heartexlabs', 'label-studio-frontend']",116,31,3
"['Turkyden', 'react-darkreader']",110,2,1
"['yahoo', 'jafar']",107,38,9
"['Talend', 'ui']",108,92,68
"['tranbathanhtung', 're-jok']",102,3,2
"['dataformsjs', 'dataformsjs']",100,4,2
"['bezkoder', 'react-jwt-auth']",98,2,0
"['K-G-PRAJWAL', 'ReactJS-Projects']",100,3,3
"['HBM', 'md-components']",97,144,32
"['paljs', 'ui']",96,5,5
"['opentok', 'opentok-react']",95,119,60
"['Doist', 'reactist']",95,26,11
"['thoughtbot', 'breezy']",94,7,0
"['oslabs-beta', 'react-pinpoint']",93,0,0
"['chadpaulson', 'react-cassette-player']",93,7,1
"['chinmaymahajan', 'Registration-and-Login-using-MERN-stack']",92,1,0
"['jerolimov', 'react-showdown']",89,24,11
"['fus-marcom', 'resource-center']",87,6,3
"['gfazioli', 'react-switch-button']",86,22,21
"['macku', 'jest-puppe-shots']",85,6,4
"['based-ghost', 'react-functional-select']",101,17,13
"['walkframe', 'react-gridsheet']",84,7,0
"['paljs', 'nextjs-admin-template']",83,0,0
"['mrsaeeddev', 'neumorphic-ui']",82,4,0
"['kodi24fever', 'reactjs-portfolio']",83,1,0
"['repetere', 'jsonx']",80,20,14
"['jktzes', 'humaaans']",80,0,0
"['Haixiang6123', 'guitar-editor']",77,2,0
"['tundra-code', 'aurora']",77,2,0
"['DrChai', 'react-native-rheostat']",77,3,0
"['flyfloor', 'react-component']",77,64,0
"['saulhoward', 'react-evil-icons']",75,4,2
"['lucasconstantino', 'react-policies']",74,1,0
"['the0neWhoKnocks', 'boilerplate.react.spa.full-server']",72,1,0
"['ticky', 'markdown-component-loader']",71,14,3
"['Merri', 'react-tabbordion']",71,18,1
"['xavierlefevre', 'shared-react-components-example']",68,0,0
"['CVarisco', 'delete-react-zombies']",68,6,2
"['necinc', 'msvgc']",67,6,1
"['SUI-Components', 'sui-components']",67,101,57
"['denisraslov', 'snappify']",65,3,0
"['liferay-design', 'liferay.design']",65,254,107
"['GetAmbassador', 'react-ions']",65,4,3
"['PlatziDev', 'socket.io-react']",64,8,5
"['PlatziDev', 'pulse-editor']",64,6,2
"['trendmicro-frontend', 'styled-ui']",63,60,24
"['ZitRos', 'react-xmasonry']",62,19,18
"['treyhuffine', 'lightbox-react']",61,11,3
"['alexandr-g', 'cra-template-typescript-redux']",62,10,3
"['jalbertsr', 'react-movies-app']",62,1,0
"['Trendyol', 'quarkify']",61,19,7
"['SparkPost', 'matchbox']",60,151,51
"['michal-wrzosek', 'react-component-lib']",59,3,2
"['react-spectre', 'react-spectre']",59,27,13
"['cerner', 'terra-clinical']",59,282,214
"['rafal-r', 'airr-react']",59,21,0
"['fortunar', 'react-sidemenu']",58,20,15
"['cerner', 'terra-framework']",58,538,433
"['mbasso', 'react-cssom']",57,0,0
"['beautifulinteractions', 'beautiful-react-ui']",58,24,8
"['ludejun', 'Deep-Viz']",56,1,1
"['suhailsulu', 'react-carousel-3d']",56,13,8
"['edx', 'paragon']",54,91,30
"['arnab-datta', 'counter-app']",55,4,1
"['flyfloor', 'react-uikits']",53,45,1
"['seeden', 'react-form-controlled']",53,7,4
"['metosin', 'komponentit']",52,15,1
"['rutvikbhatt9', 'react-native-header-animation']",52,0,0
"['jrgarciadev', 'react-iconly']",52,5,4
"['soluteli', 'react-bscroll']",49,11,2
"['Jam3', 'react-background-video-player']",48,12,7
"['nguyenvanhoang26041994', 'fork-ui']",48,5,5
"['UCloud-FE', 'react-components']",46,82,12
"['garmeeh', 'lerna-starter']",46,3,2
"['dmitrymorozoff', 'react-circle-slider']",45,16,9
"['Doha26', 'MetFlix']",45,0,0
"['san2beerelli', 'material-webcomponents']",44,1,0
"['routayush1', 'animexninja']",47,36,29
"['zhangboyang123', 'deer-ui']",44,0,0
"['androidneha', 'mern-admin-panel']",44,1,0
"['matt-eric', 'web-audio-fft-visualization-with-react-hooks']",42,2,1
"['bitovi', 'ylem']",41,93,28
"['rkotze', 'should-enzyme']",41,14,9
"['MoOx', 'react-multiversal']",41,0,0
"['99x', 'react-scaffolder']",41,35,14
"['BrandwatchLtd', 'axiom-react']",41,46,27
"['forthealllight', 'react-yui']",40,1,0
"['cobaltinc', 'caple-design-system']",40,0,0
"['line64', 'landricks-components']",39,7,5
"['segunolalive', 'helloBooks']",39,2,1
"['rsuite', 'rsuite.github.io']",39,6,2
"['cht8687', 'react-expandable-listview']",38,11,7
"['getspooky', 'Reactrix']",38,1,0
"['SinghDigamber', 'react-login-signup-ui-template']",38,0,0
"['fyndiq', 'fyndiq-ui']",38,7,3
"['clair-design', 'clair']",38,24,4
"['KissKissBankBank', 'kitten']",37,366,195
"['IBM', 'watson-speech-translator']",37,1,0
"['manzinello', 'beautiful-react-ui-components']",37,0,0
"['MOhammedRiaad', 'React-Interview-Questions']",37,1,1
"['Mosque-Screens', 'Mosque-Screen']",36,12,1
"['ecmadao', 'light-ui']",36,2,0
"['egany', 'React-Native-Showcase']",36,1,0
"['devroclub', 'URL-Shortener']",36,0,0
"['Christianq010', 'netflix_landing-page']",36,2,0
"['alkin', 'vue-react']",36,6,4
"['DigitalRiver', 'react-atlas']",36,358,212
"['AnushanLingam', 'OpenTrivia']",36,5,2
"['mariorodeghiero', 'git-commands']",35,5,3
"['recurly', 'react-recurly']",35,23,18
"['sunOpar', 'react-component-maker']",34,1,1
"['davesnx', 'babel-plugin-transform-react-qa-classes']",34,15,9
"['remarkjs', 'react-remark']",35,8,6
"['Chalarangelo', 'furl']",33,52,0
"['tkh44', 'react-nes']",32,1,0
"['Hina-softwareEngineer', 'Covid_19_tracker']",32,0,0
"['agudulin', 'dumb-bem']",32,4,2
"['johannlilly', 'book-fullstack-react']",35,0,0
"['drgx', 'react-thanos-snap']",31,0,0
"['Musma', 'react-kakao-maps']",31,2,1
"['bitjourney', 'react-simple-image']",30,6,2
"['heydovetail', 'react-masonry-responsive']",30,0,0
"['sodify', 'insites-ui']",31,6,3
"['zopaUK', 'react-components']",29,80,61
"['treyhuffine', 'is-react']",29,0,0
"['insin', 'react-gridforms']",29,3,0
"['NE-LOAN-FED', 'NE-Component']",29,22,8
"['hirokazutei', 'react-native-spacing-system']",30,17,1
"['huiyan-fe', 'react-bmapgl']",30,15,8
"['NoHomey', 'material-ui-number-input']",29,14,7
"['iCHEF', 'gypcrete']",28,12,4
"['sottar', 'react-image-resizer']",28,4,1
"['mrtnbroder', 'universal-react-webpack-boilerplate']",27,3,3
"['muskeinsingh', 'recyclerlistview-gridlayoutprovider']",27,4,2
"['buttercup', 'ui']",27,9,3
"['moosh3', 'django-react']",26,0,0
"['yahoo', 'jsx-test']",26,7,1
"['sha-el', 'sha-el-design']",26,15,9
"['ubcent', 'react-circular-color']",26,6,4
"['jalal246', 'folo']",26,4,0
"['snappmarket', 'frontend-toolbox']",26,16,2
"['react-lds', 'react-lds']",25,64,39
"['EMCECS', 'clarity-react']",25,12,2
"['koole', 'react-sanctum']",25,9,4
"['Workable', 'backbone.react-bridge']",25,2,1
"['quantumblacklabs', 'kedro-ui']",26,1,1
"['curioustushar', 'react-sample-projects']",26,2,0
"['the-road-to-learn-react', 'react-component-organization-example']",26,0,0
"['yahoo', 'fluxible-immutable-utils']",25,13,9
"['nckblu', 'react-image-and-background-image-fade']",23,3,2
"['unosquare', 'uno-react']",25,62,29
"['roosta', 'tincture']",25,2,0
"['AdventureBear', 'trot']",24,7,1
"['mrsaeeddev', 'awesome-neumorphism']",24,1,0
"['unosquare', 'uno-material-ui']",24,34,21
"['dylanngo95', 'react-native-snippet']",24,4,4
"['mariorodeghiero', 'git-issue-react-electronjs']",23,1,0
"['RyanLiu0235', 'cnode-react']",23,0,0
"['BootstrapDash', 'Purple-React']",24,1,0
"['dongy7', 'react-animated-term']",23,0,0
"['lundegaard', 'lundium']",23,17,4
"['eskimoblood', 'rc-knob']",23,9,2
"['heynext', 'effect-dropdown-react']",23,1,0
"['Bunlong', 'react-qrcodes']",23,3,0
"['felixgirault', 'rea11y']",22,9,2
"['zxch3n', 'image-labeler-react']",22,5,0
"['nowaalex', 'af-virtual-scroll']",22,2,2
"['diegohaz', 'list-react-files']",22,7,4
"['HaysS', 'react-native-menu-bar']",23,0,0
"['react-pakistan', 'react-native-boilerplate']",22,6,2
"['harounchebbi', 'Mern-Stack-Crud-App']",22,1,1
"['sajari', 'sdk-react']",22,75,46
"['ShivBhosale', 'React-Jupyter-Viewer']",22,2,1
"['codingforentrepreneurs', 'Capture-Emails-with-Django-and-React.js']",22,0,0
"['ugglr', 'react-native-storybook-boilerplate']",22,7,2
"['SUI-Components', 'adevinta-spain-components']",21,5,2
"['collegepulse', 'material-react-components']",21,0,0
"['Assenti', 'react-ui-components']",21,0,0
"['alcedo-ui', 'alcedo-ui']",21,17,14
"['merisbahti', 'klyva']",21,10,2
"['airtoxin', 'react-hex']",22,2,1
"['AdityaKumawat97', 'react-e-commerce-website']",20,2,1
"['Bandwidth', 'shared-components']",20,49,18
"['u-wave', 'react-list-lazy-load']",20,28,2
"['robinweser', 'kilvin']",20,2,2
"['microsoft', 'sarif-web-component']",20,28,8
"['tillersystems', 'Stardust']",19,43,12
"['novatorem', 'Cover-Hack']",18,0,0
"['MAfzalKhan1997', 'React_Quiz_app']",18,0,0
"['JimLiu', 'bbcode-to-react']",18,9,1
"['lucasferreira', 'react-virtualized-sectionlist']",18,3,1
"['planttheidea', 'react-parm']",18,1,1
"['oztune', 'string-replace-to-array']",18,1,1
"['react-ui-kit', 'base']",18,7,0
"['Yoast', 'yoast-components']",18,374,230
"['intuit', 'QuickFabric']",18,11,0
"['appbaseio', 'reactivebase']",18,220,169
"['kenshoo', 'react-tree']",18,0,0
"['pansyjs', 'react-components']",18,8,5
"['gakimball', 'react-inky']",17,16,11
"['JoshK2', 'tic-tac-toe-game-using-bit']",17,0,0
"['gokulkrishh', 'create-react-component']",17,1,0
"['urbica', 'ui-kit']",17,25,1
"['koddr', 'react-goodshare-components']",17,0,0
"['technology-ebay-de', 'modular-toolkit']",17,7,0
"['pikhovkin', 'dash-flexbox-grid']",17,2,2
"['yuanzhaohao', 'dashkit-ui']",17,3,1
"['andyhu92', 'react-bootstrap4-form-validation']",16,8,6
"['huiyan-fe', 'vis-ui']",16,1,1
"['crisboarna', 'react-skillbars']",16,33,4
"['klendi', 'react-movies']",16,0,0
"['sullenor', 'teatime-components']",16,23,1
"['vrk-kpa', 'suomifi-ui-components']",15,103,45
"['untangled-web', 'untangled-ui']",15,22,9
"['geekeren', 'RN-ExpandableText']",15,4,1
"['harbor-school', 'lighthouse']",15,0,0
"['codergogoi', 'React_Native_Food_Order_App']",16,0,0
"['silexlabs', 'Prodotype']",15,9,1
"['ojdx', 'react-font-face']",15,14,6
"['puppetlabs', 'design-system']",14,80,43
"['aaronhayes', 'react-use-hubspot-form']",15,4,2
"['JoanClaret', 'react-fundamentals']",14,0,0
"['JoshK2', 'basic-todo-app-using-bit']",14,0,0
"['fsharplang-ru', 'Fable.SemanticUI']",14,1,0
"['davidnguyen179', 'react-is-in-viewport']",14,18,0
"['plastical', 'react-theme']",14,0,0
"['ugglr', 'react-native-value-picker']",14,2,1
"['rajasegar', 'react-awesome-datepicker-demo']",14,0,0
"['clarisights', 'KnitUI']",14,26,7
"['hahnlee', 'representation']",14,1,0
"['Haixiang6123', 'react-chord-generator']",14,0,0
"['emgage', 'engage-ui']",14,8,3
"['TobitSoftware', 'chayns-components']",14,34,20
"['lissitz', 'react-accessible-treeview']",15,14,0
"['datatogether', 'webapp']",14,43,7
"['akryl-kt', 'akryl-core']",13,1,1
"['jonniespratley', 'predix-ui']",13,2,0
"['Vizzuality', 'vizz-components']",13,1,1
"['pagesource', 'fusion-components']",13,37,17
"['lusan', 'antd-boilerplate']",13,1,0
"['cassiolpaixao90', 'boilerplate-react-redux-pwa']",13,0,0
"['marshmallow-insurance', 'smores-react']",13,4,2
"['Asatelit', 'pwa-pos-terminal']",14,1,1
"['MegafonWebLab', 'megafon-ui']",14,2,2
"['uiwjs', 'react-split']",13,1,0
"['csvenke', 'react-semantic-render']",13,25,0
"['evoluteur', 'react-crud-icons']",13,2,0
"['u-wave', 'react-dailymotion']",13,47,2
"['ilxanlar', 'cathode']",13,0,0
"['turtlemint', 'mint-ui']",13,2,2
"['goto-bus-stop', 'react-abstract-autocomplete']",13,84,1
"['wednesday-solutions', 'react-floki']",13,1,1
"['hupe1980', 'wapps-components']",12,4,1
"['raphamorim', 'reactsandbox']",12,1,0
"['ritz078', 'react-component-boilerplate']",12,1,1
"['marp-team', 'marp-react']",12,12,4
"['tariqulislam', 'react-redux-starter']",12,0,0
"['betweens', 'Material']",12,3,2
"['xiaopang750', 'tvfocusmanage']",12,2,0
"['mockingbot', 'ibot']",12,8,2
"['zafar-saleem', 'react-todo']",12,2,1
"['involvestecnologia', 'violin']",12,1,1
"['wangdicoder', 'tiny-ui']",12,0,0
"['rajibchandrakarmaker', 'react-admin']",12,0,0
"['ludejun', 'Deep-Viz-Website']",12,0,0
"['parkerself22', 'mui-tables']",12,3,1
"['coderboxapp', 'coderbox-atoms']",12,0,0
"['dataformsjs', 'awesome-web-react']",11,0,0
"['stoplightio', 'formtron']",11,0,0
"['jakarea', 'react-to-do-app']",11,0,0
"['maciekgrzybek', 'react-laz-y']",11,0,0
"['cybercongress', 'gravity']",11,17,8
"['ooni', 'design-system']",11,35,20
"['viczaca', 'react-json-schema-builder']",11,1,0
"['asynchronous-dev', 'react-chat-renderer']",11,28,0
"['iachieve', 'catchy-watchy']",11,1,0
"['karlhadwen', 'react-dropdown-menu']",11,0,0
"['cantonjs', 'react-scroll-view']",11,1,0
"['noderaider', 'react-redux-idle-monitor']",10,1,0
"['ljbc1994', 'babel-plugin-react-pug']",10,4,2
"['fionafernando', 'Student---Teacher--management-System']",10,1,0
"['Esri', 'react-sceneview']",10,5,2
"['minimit', 'xtendui']",10,7,1
"['Sletheren', 'react-gdpr-consent']",10,2,0
"['svelte-barcode', 'react-chartjsx']",10,0,0
"['brycedorn', 'react-legos']",11,2,1
"['svelte-barcode', 'react-page-loading']",10,1,0
"['aiyuekuang', 'esn_img']",10,2,0
"['cision', 'rover-ui']",11,91,39
"['Codebrahma', 'React-Chat']",10,9,4
"['ivan-94', 'react-bdmap']",10,0,0
"['spicy-ui', 'core']",10,5,1
"['marabesi', 'testable']",10,1,0
"['the-road-to-learn-react', 'react-component-types']",10,0,0
"['the-road-to-learn-react', 'react-component-composition-example']",9,0,0
"['artem-solovev', 'regexify-string']",9,0,0
"['mozilla-frontend-infra', 'components']",9,17,12
"['webex', 'components']",9,3,2
"['SurLaTable', 'slt-ui']",9,11,6
"['yankaindustries', 'mc-components']",9,270,143
"['ddmarin94', 'ReactComponentsLibraryBoilerplate']",9,0,0
"['airtoxin', 'react-triangle']",9,0,0
"['jonathanong', 'react-asset-loader']",9,1,0
"['stephane-monnot', 'react-fake-code-typing']",9,0,0
"['gkhan205', 'react-reusable-form-component']",9,0,0
"['Codigami', 'react-native-alert-view']",9,2,0
"['ishtiaque05', 'GeekHub']",9,0,0
"['ArielJurkowski', 'react-handler-hooks']",9,0,0
"['Danktuary', 'react-discord-message']",10,0,0
"['ecmadao', 'rc-range-slider']",9,0,0
"['Orfium', 'orfium-ictinus']",9,61,22
"['fuglu', 'create-react-component']",9,0,0
"['kungfu321', 'reactjs-example']",9,3,2
"['react-cupertino', 'react-cupertino']",9,22,1
"['gokulkrishh', 'react-material-snackbar']",9,4,2
"['comunidadescampinas', 'agenda-front']",9,9,2
"['ForceManager', 'hoi-poi-ui']",9,2,0
"['audora', 'audora-ui']",9,1,0
"['stesel', 'react-frame-rate']",8,6,0
"['Laiff', 'react-scroll-lock']",8,0,0
"['jonthomp', 'react-tabler-components']",8,14,2
"['tswayne', 'react-helper']",8,0,0
"['crearlink', 'react-doc-creator']",8,2,2
"['numldesign', 'numl-react']",8,11,3
"['photu-app', 'photu-app.github.io']",8,0,0
"['Karthik-B-06', 'RNOverlappingContainers']",8,1,1
"['olympikesoft', 'react-spa']",8,0,0
"['saigowthamr', 'React-Accordion']",8,1,0
"['zenggo', 'react-json-path-picker']",8,0,0
"['magicsoup-io', 'magicsoup-stock']",8,0,0
"['NebulaUI', 'nebula']",8,14,0
"['tigerspack', 'tigerspack']",8,74,0
"['ViniciusWovst', 'react-native-picker-checkbox']",8,3,1
"['andregoncalves', 'react-component-rollup-typescript-boilerplate']",8,0,0
"['saqibamin257', 'pure-react']",8,0,0
"['eFishery', 'json-reactform']",8,6,1
"['afry', 'apollo']",8,9,0
"['imranhsayed', 'more-menu-react']",8,0,0
"['asadshahjahan', 'software-engineer-website']",8,0,0
"['imranhsayed', 'redux-workshop']",8,0,0
"['react-everywhere', 're-render']",8,1,0
"['maxijonson', 'nuclui']",8,0,0
"['barbarbar338', 'webpage']",8,0,0
"['gotitinc', 'aha-react']",7,0,0
"['onlicar', 'react-help-desk']",7,4,0
"['sebinsua', 'conventional-component']",7,3,0
"['MikeBild', 'introduction-react']",7,0,0
"['ashok10103', 'Food_Ordering_Application']",7,46,0
"['ThePatriczek', 'React-Atlantic']",7,0,0
"['PrathamSingh', 'React-Fullscreen-Slider-SimpleApp']",7,0,0
"['ozzywalsh', 'react-ui-avatars']",7,0,0
"['natterstefan', 'react-component-catalog']",7,2,1
"['themodernjavascript', 'react-native-flags-kit']",7,2,0
"['manishbisht', 'manishbisht.github.io']",7,0,0
"['IcculusC', 'react-hex-engine']",7,1,0
"['guilherme-toti', 'react-highlight-overlay']",7,0,0
"['10secondsofcode', 'react-blink-text']",7,8,1
"['SeanChenU', 'component_wall']",7,0,0
"['zhong-tsong', 'react-mobx-antd-mobile-h5-dmall2.0']",8,1,0
"['vkbansal', 'react-date-primitives']",7,1,1
"['PetrNikolas', 'nextify']",7,0,0
"['DevelopersTree', 'nawikurdi']",7,0,0
"['jjstrat3', 'material-styled']",7,0,0
"['caseybaggz', 'horcrux']",7,1,0
"['toltarisa', 'MultiSelectDropdownComponent']",7,1,1
"['iktakahiro', 'gradient-mui-button']",7,0,0
"['sebgroup', 'react-components']",6,107,74
"['rubensworks', 'solid-react-graphql-ld.js']",6,3,0
"['marcellosachs', 'react-string-replace-recursively']",6,3,2
"['gabrielbs', 'react-scaffolding']",6,0,0
"['p3ol', 'junipero']",6,12,0
"['MMTDigital', 'kentico-cloud-universal-react']",6,1,0
"['danielmoi', 'react-clickout']",6,1,1
"['Rendez', 'react-media-responsive']",6,0,0
"['jhonnold', 'react-chart.js']",6,1,1
"['brandonrninefive', 'custom-react-big-calendar']",6,0,0
"['Bit-Coin', 'Foodbots-app']",6,0,0
"['sishuguojixuefu', 'react-native-bias-cell']",6,0,0
"['rashidmajeed', 'reactivesearch']",6,0,0
"['marekdano', 'react-charts-and-maps']",6,0,0
"['JoshK2', 'mystore']",6,0,0
"['linode', 'linode-react-components']",6,0,0
"['idriss92', 'react-select2-ts']",6,0,0
"['Furkan-Gulsen', 'ReactJS-Projects']",6,0,0
"['NascHQ', 'regram']",6,0,0
"['cncolder', 'antd-mobile-web']",6,0,0
"['whoisryosuke', 'kushy-react-sketchapp']",6,0,0
"['NE-SmallTown', 'React-QuietWater']",6,1,0
"['phuochau', 'react-grid-uploader']",6,0,0
"['vaibhav-systango', 'react-redux-sagas-boilerplate']",6,0,0
"['ClassyFD', 'iFunny']",6,1,1
"['devroclub', 'Password-Generator']",6,0,0
"['PrathamSingh', 'React-Search-Bar']",6,0,0
"['rsuite', 'interactions']",6,4,3
"['ctq123', 'rcSearchSelect']",6,2,0
"['zestgeek', 'react-native-auth-ui']",6,0,0
"['webapp-suite', 'ui']",6,51,2
"['vdelacou', 'iblis-ui']",6,0,0
"['CharlesStover', 'react-pluralsight-score']",6,3,0
"['GuScarpim', 'Consulta-CEP-React-Native']",6,0,0
"['jacksontrieu', 'react-bulletproof-button']",6,2,0
"['rajithaeyee', 'ReactTodoChromeExtention']",6,0,0
"['SevenOutman', 'react-promised']",6,0,0
"['javierarmendariz', 'react-accordeon']",5,0,0
"['meokisama', 'meokisama.github.io']",5,0,0
"['Nasruddin', 'react-redux-router4']",5,0,0
"['savalazic', 'elementz-ui']",5,2,0
"['alfa-laboratory', 'regap']",5,1,0
"['greena13', 'react-ref-manager']",5,2,0
"['Merri', 'react-maria']",5,0,0
"['andreasonny83', 'react-avataaars']",5,1,0
"['OmkarK45', 'react-countries']",5,0,0
"['zhong-tsong', 'react-mobx-antd-pc-dmall2.0']",5,0,0
"['pikhovkin', 'dash-devextreme']",5,4,4
"['mlibrary', 'umich-lib-ui']",5,15,1
"['HTMLElements', 'smart-webcomponents-react']",5,2,1
"['WorldWindEarth', 'worldwind-react-globe-bs4']",5,13,0
"['AbdulWahab0', 'Pizza-Shop']",5,0,0
"['julianvasa', 'ionic6-wordpress-react-app']",5,0,0
"['vy-labs', 'synaptic-tuxedo']",5,0,0
"['tsejx', 'react-guidebook']",5,0,0
"['moimikey', 'react-footnotes']",5,0,0
"['pankajladhar', 'react-front-cli']",5,1,1
"['danielVFS', 'be-the-hero']",5,0,0
"['ppprevost', 'jeu-cv-react']",5,0,0
"['alanchenchen', 'react-template']",5,0,0
"['tdida', 'modo-mobile']",5,1,0
"['oscmedgon', 'react-grid-easy']",5,5,1
"['berk-ozer', 'scheduler']",5,0,0
"['JamesSingleton', 'react-building-modules']",5,6,1
"['superCoderDOM', 'amazonStoreFront']",5,0,0
"['benjick', 'react-doc-title']",5,1,1
"['CRANE-toolbox', 'covid-racism-tracker']",5,1,0
"['moimikey', 'react-konamikey']",5,1,0
"['gornyyvladimir', 'react-float-tooltip']",5,1,1
"['lahsivjar', 'react-talk']",5,15,1
"['albburtsev', 'reaction']",5,28,0
"['pedrocostadev', 'react-triple-select-box']",5,0,0
"['scalable-react', 'react-library-starter']",5,0,0
"['chuangqiTeam', 'react-cqtoolbox']",5,6,1
"['wwnorton', 'design-system']",5,41,15
"['space-fe', 'react-onroutechanged']",5,4,2
"['timelessco', 'react-components-template']",4,0,0
"['connor-baer', 'bamboo-ui']",4,3,0
"['kbrw', 'babel-plugin-transform-jsxz']",4,0,0
"['gabrielbs', 'react-component-swiper']",4,2,0
"['fzingg', 'hyperloop-showcase']",4,0,0
"['nosebit', 'darch']",4,26,6
"['Thram', 'react-thrux']",4,0,0
"['heydovetail', 'svg-to-react']",4,2,0
"['NomanGul', 'React-Admin']",4,0,0
"['ayush221b', 'MarioPlan-react-redux-firebase-app']",5,0,0
"['Synchro-TEC', 'apollo-11']",4,31,6
"['jqwidgets', 'create-jqwidgets-react-app']",4,1,1
"['ivoryio', 'factory']",4,0,0
"['oktadeveloper', 'okta-react-rating-example']",4,0,0
"['PubNubDevelopers', 'chat-component-app-simple']",4,0,0
"['moodydev', 'react-calendar']",4,0,0
"['sandix34', 'React-OpenLayers']",4,0,0
"['the-dasrc', 'random-sms-web']",4,0,0
"['fablabbcn', 'smartcitizen-react-dashboard']",4,2,0
"['JiangWeixian', 'templates']",4,12,0
"['jeffersonmourak', 'ribs']",4,0,0
"['RedpointGames', 'react-injectable']",4,0,0
"['accurat', 'react-dataviz']",4,0,0
"['chinmaymahajan', 'DreamsCoder-Examples']",4,0,0
"['DIALUPDIGITAL', 'DIALUPSITE']",4,73,28
"['lifeomic', 'chroma-react']",4,10,0
"['dalealleshouse', 'raiding-react']",4,0,0
"['JulienMelissas', 'wtfwl']",4,6,0
"['CosmoRocket', 'Notency']",4,0,0
"['ClementeSerrano', 'kosmos-ui']",4,1,1
"['mauris', 'react-lh']",4,1,0
"['theodoreli', 'spotify-player']",4,0,0
"['chuksjoe', 'football-scores']",4,0,0
"['segunolalive', 'pictogram']",4,0,0
"['ArtemisLabsOS', 'Artemis-Landing']",4,0,0
"['leandrotk', 'reading-progress']",4,0,0
"['PeyTy', 'react-explorer-web']",4,0,0
"['goto-bus-stop', 'bulmare']",4,44,0
"['mDibyo', 'with-hooks-support']",4,2,0
"['HarvestProfit', 'harvest-profit-ui']",4,18,7
"['Librazy', 'react-with-websocket']",4,0,0
"['saigowthamr', 'Reacthooks-example']",4,0,0
"['nstr', 'native-tabs']",4,0,0
"['emortlock', 'spartan-ui']",4,0,0
"['channel-io', 'snippet-web']",4,1,0
"['IbrahimShamma99', 'Learning-React-Notes']",4,0,0
"['tony-dinh', 'react-toolkit']",4,1,0
"['zauberware', 'react-svg-assets']",4,0,0
"['R-H-T', 'football']",4,0,0
"['wayne214', 'react-native-border-radius-image']",4,0,0
"['hemlok', 'vault.crucible.gg']",4,0,0
"['sylwiavargas', 'Lifecycle-Photostory']",4,0,0
"['rajasegar', 'react-rethink-datepicker']",4,0,0
"['sonnat', 'sonnat-ui']",4,0,0
"['ckuijjer', 'fit-svg-text']",4,0,0
"['webex', 'widgets']",4,2,2
"['AdityaKumawat97', 'MERN-BUS-APP']",4,2,1
"['pinussilvestrus', 'clickable-prototype']",4,4,1
"['learnwithahmed', 'codetogether-frontend']",4,0,0
"['wrappixel', 'xtreme-react-lite']",4,0,0
"['raniaSayed', 'Basic-Flight-Reservation--ReactJs']",4,0,0
"['ambrosus', 'react-components']",3,0,0
"['timbset', 'react-advanced']",3,0,0
"['one-template', 'react-component-template']",3,1,0
"['vaibhavhrt', 'react-github-buttons']",3,10,0
"['tophat', 'react-vector-graphics']",3,5,2
"['eoscostarica', 'eoscr-components']",3,19,4
"['pramit-marattha', 'React-practice-app-project-in-depth-guide']",3,0,0
"['auth0', 'auth0-react-sketchapp']",3,0,0
"['jrs-innovation-center', 'jrs-react-components']",3,3,0
"['vivaxy', 'react-pianist']",3,2,0
"['house-rules', 'webpage']",3,0,0
"['huonglt', 'Burger-ReactJS']",3,0,0
"['burgwyn', 'react-uswds']",3,1,0
"['robindemourat', 'react-citeproc']",3,5,1
"['mohammadsafia', 'react-slack-app']",3,0,0
"['JangirSumit', 'react-demo-employee-search']",3,0,0
"['brenogcota', 'Netflix-interface-with-React-Native']",3,0,0
"['MoniAguado', 'urbanData']",3,1,1
"['siimple', 'neutrine']",3,1,1
"['mrsaeeddev', 'neumorphic-ui-docs']",3,0,0
"['akuzko', 'react-form-js']",3,0,0
"['jaayperez', 'shopify-node-react-app']",3,3,0
"['SinghDigamber', 'react-axios-tutorial']",3,0,0
"['creativewave', 'react-utils']",3,0,0
"['arecvlohe', 'fullstack-react-v2']",3,0,0
"['IndeemaSoftware', 'react-component-widget']",3,0,0
"['acnicolasdc', 'react-build']",3,0,0
"['stanchino', 'tiny-jsx']",3,0,0
"['vlazh', 'reflexy']",3,0,0
"['normancarcamo', 'express-react-middleware']",3,0,0
"['rajanmagar', 'covid19']",3,0,0
"['PubNubDevelopers', 'chat-component-app-live-support']",3,0,0
"['danielmejiadev', 'react-native-components-kit']",3,0,0
"['godfreyzubiaga', 'starksten-ui']",3,1,0
"['rpearce', 'example-component-library']",3,0,0
"['Aman22sharma', 'covid_19_tracker_app']",3,2,2
"['stevenselcuk', 'onion-old']",3,0,0
"['nicolastrote', 'boilerplate-react-context-hooks']",3,0,0
"['royledford', 'react-svg-meters']",3,14,0
"['BingLee1994', 'marquee']",4,0,0
"['burningraven06', 'reactpgnodeapp']",3,0,0
"['lzcmaro', 'react-ratchet']",3,0,0
"['mephju', 'classed-components']",3,2,0
"['murbar', 'react-hooks-patterns']",3,0,0
"['The-manpreet-singh', 'Udacity-ReactJs-Nanodegree']",3,0,0
"['mighty-justice', 'tester']",3,8,0
"['aliakseiherman', 'feasible-ui-src']",3,0,0
"['dantehemerson', 'wiki-tv']",3,3,0
"['streetracer48', 'Fullstack-booking-system']",3,0,0
"['vpysaran', 'react-typescript-radiobutton']",3,0,0
"['treksaurus', 'ReactJS-CRUD']",3,0,0
"['rakuten-frontend', 'rex-react-component-starter-kit']",3,1,0
"['bbakunowicz', 'insulo']",3,0,0
"['AlphaGo88', 'uwp-ui-react']",3,1,0
"['eBay', 'storybook-addon-themepicker']",4,0,0
"['pjshy', 'avenger-components']",3,12,0
"['mohatt', 'gatsby-plugin-advanced-pages']",3,6,1
"['suprim12', 'suprim-ui']",3,1,0
"['agrc', 'kitchen-sink']",3,20,4
"['rodrigobdz', 'goto-react']",3,0,0
"['Lcaichihua', 'React_Basic']",3,0,0
"['weblineindia', 'ReactJS-Address-Autosuggest']",3,0,0
"['CristyTarantino', 'reactjs-blog']",3,1,0
"['paulotijero', 'react-list']",3,7,0
"['BradMcGonigle', 'react-nhl-logos']",3,0,0
"['aspirehealth', 'redux-routable']",3,0,0
"['fork', 'react-patterns']",2,0,0
"['FredericHeem', 'mdlean']",2,1,0
"['somikdatta', 'learning-react']",2,0,0
"['Cosmitar', 'reactive-blueimp-gallery']",2,5,2
"['nobi1007', 'react-components']",2,1,0
"['comicrelief', 'storybook']",2,159,114
"['IgniteUI', 'igniteui-react']",2,0,0
"['mutebg', 'react-flex-layout']",2,0,0
"['raadhoosh', 'fantastic-components']",2,0,0
"['falmar', 'react-adm-lte']",2,9,0
"['mintuz', 'react-css-loader']",2,0,0
"['Nebo15', 'react-nebo15-components']",2,1,0
"['leartgjoni', 'laravel-react-component']",2,0,0
"['JGordy', 'house-rules']",2,0,0
"['mohsinansari3011', 'MeetingApp']",2,0,0
"['ghalex', 'zebbra']",2,0,0
"['someden', 'react-bootstrap']",2,0,0
"['ekoteguhw', 'webinar-codepolitan-belajar-react']",2,0,0
"['nadavWeisler', 'Launch-5']",2,0,0
"['1j01', 'nw-gtk']",2,0,0
"['jbwestphal', 'react-discuss']",2,0,0
"['sandipguchait', 'StoriesApp']",2,0,0
"['JOHNFLEURIMOND', 'HaitianFoodMenu']",2,0,0
"['sajadweb', 'msm-cli']",2,0,0
"['Prabhnometery', 'robo-friends']",2,0,0
"['raulpy271', 'DraggableDialog']",2,0,0
"['lastnamearya', 'React-LifeCycles-DeepDive']",2,0,0
"['m-nathani', 'react-spfx']",2,0,0
"['Edgar-K', 'Covid-19-Coronavirus-Tracker']",2,0,0
"['apsrcreatix', 'BBMS']",2,0,0
"['SafdarJamal', 'understanding-component-lifecycle']",2,0,0
"['stellar-ui', 'stellar']",2,0,0
"['jaayperez', 'spotify-react-native-app']",2,2,0
"['samokat-oss', 'operations-ui']",2,0,0
"['duonghan', 'pikachu-react']",2,0,0
"['JaceHensley', 'virtual']",2,0,0
"['ahamedali95', 'Budget-Life']",2,0,0
"['jayjongcheolpark', 'indspire-survey']",2,1,0
"['anooprav7', 'stormbreaker-cl']",2,0,0
"['roshan0708', 'portfolio_v2']",2,0,0
"['javascriptteacher', 'style.js']",2,0,0
"['alexpreynolds', 'react-seqlogo']",2,0,0
"['yazaabed', 'learning-react-redux']",2,0,0
"['ajaymohandas89', 'GrabABite']",2,0,0
"['Parth-Gupta10', 'watch-e-commerce']",2,0,0
"['superCoderDOM', 'epicRoadTrips']",2,0,0
"['TroyAlford', 'react-editable-treeview']",2,0,0
"['tarunjhade', 'React-Redux-Demo']",2,0,0
"['harisbaig100', 'React-fast-youtube-app']",2,0,0
"['Juliiii', 'react-pagination']",2,0,0
"['sunzid02', 'Front-End-Web-Development-with-React']",2,0,0
"['fitzk', 'react-material-tile']",2,1,0
"['ericadamski', 'react-fakey']",2,0,0
"['JacobHinkston', 'TimeLike']",2,0,0
"['versionone', 'component-library']",2,47,16
"['danielgynn', 'Archetype-UI']",2,0,0
"['Phoenix1355', 'react-bundle']",2,0,0
"['AdityaKumawat97', 'monster-app']",2,0,0
"['Anglesvar', 'Digital-Portfolio']",2,0,0
"['svelte-barcode', 'react-app-starter-kit']",2,1,0
"['AD757', 'REACTPortfolio']",2,0,0
"['PrabhunathY', 'Login-SignUp-ReactNative']",2,0,0
"['superhero2007', 'Fitspot']",2,0,0
"['mecm1993', 'react-interactive-code-block']",2,0,0
"['glokesh94', 'React-Routing']",2,0,0
"['dev828', 'react-google-map-component']",2,0,0
"['weblineindia', 'ReactJS-Custom-Datepicker']",2,0,0
"['Xvezda', 'react-terminalizer-player']",2,1,0
"['vanisingh-24', 'Burger-Builder']",2,0,0
"['andreweinkoetz', 'high5-learning-frontend']",2,70,37
"['sabertazimi', 'react-blog']",2,67,0
"['ogil7190', 'cheapify-react-boilerplate']",2,0,0
"['Parth-Gupta10', 'Keeper-app']",2,0,0
"['wutility', 'react-components']",2,0,0
"['AhmedTohamy01', 'React-Netflix-Clone']",2,0,0
"['0xLLLLH', 'react-krpano']",2,2,2
"['intern0t', 'react-weather-icons']",2,0,0
"['krfong916', 'swish-design']",2,14,0
"['skmvasu', 'design-system']",2,0,0
"['austinsc', 'react-gooey']",2,1,1
"['dsouzadyn', 'TodoList']",2,0,0
"['faisalpathan', 'vnf-google-tracker']",2,0,0
"['jinalshah159', 'TaskyApp']",2,0,0
"['meetzaveri', 'react-toastbox']",2,0,0
"['gleydson', 'AwesomeProjectsWithReactNative']",2,0,0
"['arkilis', 'react-AppStore-Button']",2,0,0
"['nagasudhirpulla', 'electron_react_dashboard']",2,70,1
"['ShravanMeena', 'react-transportation-app']",2,2,0
"['react-ui-components', 'nice-ui']",2,0,0
"['san2beerelli', 'uni-react']",2,0,0
"['aiman-saeed', 'conduit']",2,0,0
"['PrathamSingh', 'React-Image-Gallery-App']",2,0,0
"['epsitec-sa', 'electrum-arc']",2,5,2
"['nozgurozturk', 'mercury_ui']",2,0,0
"['souravsingpardeshi', 'Amazons-clone-in-React.js']",2,0,0
"['eneax', 'thriving-cities']",2,0,0
"['MarkusHeine', 'social-network']",2,0,0
"['givingwu', 'fe-components']",2,0,0
"['ryanhefner', 'react-indicators']",2,34,0
"['weblineindia', 'React-Native-Number-Input']",2,0,0
"['royledford', 'front-end-handbook-flashcards']",2,1,0
"['ChristySchott', 'react-search']",2,0,0
"['weblineindia', 'ReactJS-QRCode-Scanner']",2,2,1
"['justEhmadSaeed', 'RoboFriends-App']",2,0,0
"['potchangelo', 'react-just-tattoo']",2,0,0
"['thtliife', 'react-storybook-scripts']",2,0,0
"['Josie-N', 'React-UI-Cards']",2,0,0
"['hunzsig-javascript', 'h-react-library']",2,0,0
"['mevinoth', 'r-tiny-tabs']",2,0,0
"['nishantnahata', 'react-boilerplate']",2,0,0
"['jwill9999', 'resume-example']",2,1,0
"['NauCode', 'ReactJS-Project-Structure']",2,0,0
"['itiwll', 'rc-wang-editor']",2,0,0
"['XFreeCoder', 'x-ui']",2,3,0
"['Kenedw', 'HULW']",2,0,0
"['imPGupta', 'ReactJs']",2,0,0
"['xianjie-li', 'm78']",2,13,0
"['eveningkid', 'react-pur']",2,0,0
"['treyhboy', 'Todolist-React.js']",2,0,0
"['Chuan-Kuei', 'react-winmine']",2,0,0
"['popuguytheparrot', 'builrd']",2,0,0
"['YanYuanFE', 'react-indexlist']",2,1,1
"['lvstross', 'make-react-component']",2,0,0
"['gojutin', 'www.tsx.guide']",2,0,0
"['bridgedxyz', 'reflect-ui-react']",2,0,0
"['VitauMX', 'vita-ui']",2,0,0
"['mavenlink', 'design-system']",2,26,3
"['brainpoint', 'febs-react-component']",2,0,0
"['AhmedGMurtaza', 'react-guess-game']",2,0,0
"['flxwu', 'RNWeather']",2,0,0
"['AnkitDroidGit', 'iProperty-Clone-ReactNative']",2,0,0
"['weblineindia', 'ReactJS-TimePicker']",2,0,0
"['pratapshiv1992', 'react-bootstrap']",2,0,0
"['akinmaurice', 'reactflix']",2,0,0
"['saurabh2836', 'react-todo']",2,0,0
"['innodoc', 'react-mathjax-node']",2,0,0
"['Felipe-Marques', 'controle_notas_app']",2,0,0
"['danielzelayadev', 'react-frame-animator']",2,0,0
"['terminatorlkf', 'graphical-cs-ts']",2,0,0
"['alexlondon07', 'Taller1']",2,0,0
"['bsanket16', 'recipe-app']",2,0,0
"['mourice-oduor', 'Reactjs-Bootcamp']",2,0,0
"['shaikafroz016', 'Coursera']",2,0,0
"['adijha', 'shopify-polaris']",2,0,0
"['didrip', 'react-laybox']",2,0,0
"['amanjainn', 'Youtube-Clone-ReactJs']",2,0,0
"['abhinaba-ghosh', 'protractor-react-selector']",2,13,7
"['DonAllito', 'react_reservation_restaurant_menu']",2,0,0
"['toonddd', 'ngrc']",1,0,0
"['DHI-GRAS', 'react-components']",1,24,1
"['kothing', 'react-components']",1,0,0
"['Dyn4sty', 'FashionOrb']",1,0,0
"['react-native-toolkit', 'useRedux']",1,0,0
"['wavevision', 'class-name']",1,0,0
"['jensenrrr', 'Enthuse']",1,0,0
"['flextremedev', 'react-type-check']",1,2,0
"['numero33', 'react-visual-window']",1,0,0
"['web-codegrammer', 'To-Do-List-React-App']",1,0,0
"['OlegPanagushin', 'jc']",1,0,0
"['dothesource', 'journal_app']",1,0,0
"['Ayush-Rawal', 'Todo-App']",1,3,0
"['pivnickm', 'pokedex']",1,17,0
"['asifvora', 'react-modern-portfolio']",1,0,0
"['zamarrowski', 'react-clarity']",1,0,0
"['zeixcom', 'zeix-react-redux-boilerplate']",1,1,0
"['codekevcode', 'quiet-depths-19003']",1,2,0
"['harshasanjeeva', 'github-battle-app']",1,0,0
"['kclarkedesign', 'ravenous']",1,0,0
"['unagauchada', 'unagauchada.github.io']",1,2,0
"['ornl-sava', 'vis-react-components']",1,4,0
"['xieww', 'React-T']",1,0,0
"['jreina', 'reactorito']",1,0,0
"['bhongy', 'react-components']",1,0,0
"['th174', 'React-Tic-tac-toe-test']",1,0,0
"['kojinkai', 'cryptoid']",1,1,0
"['mirsujat', 'jetpack']",1,0,0
"['madhusudhan1234', 'react-first-app']",1,0,0
"['alinessilva', 'projeto-final-reprograma']",1,0,0
"['NomanGul', 'reactComponentsFunda']",1,0,0
"['mirgj', 'siimact']",1,1,0
"['aqibbscs', 'crud-reactjs']",1,0,0
"['julia-dizhak', 'movie-app']",1,0,0
"['CryptoTacos', 'crypto-react-redux-ts']",1,0,0
"['genie-magic', 'restaurant_admin_frontend']",1,0,0
"['EdgarHSalinas', 'rsvp']",1,0,0
"['kaiiyer', 'mylan']",1,0,0
"['tanishqsh', 'labox-microsystems']",1,0,0
"['coderboxapp', 'coderbox-forms']",1,0,0
"['sandeep201451066', 'portfolio-reactjs']",1,0,0
"['Nilotpalchanda', 'Blog-Website']",1,0,0
"['tswayne', 'hapi-react-helper']",1,0,0
"['joyfulstick', 'vegan']",1,0,0
"['kamireddym28', 'Ravenous']",1,0,0
"['joyfulstick', 'plp']",1,0,0
"['OPiece', 'react-components']",1,0,0
"['ineffablep', 'react-schema-form']",1,0,0
"['ovidiumihaibelciug', 'restaurant-site']",1,0,0
"['haykaghabekyan', 'react-material-form']",1,0,0
"['firmanJS', 'react-route']",1,0,0
"['mehtarit', 'freud']",1,0,0
"['Kodeflash-Dev-Solution', 'Koder-Profile-Part-1']",1,0,0
"['celias', 'barter-app']",1,0,0
"['leemtek', 'OrtaBrothers.com']",1,12,1
"['TourLive', 'frontend']",1,0,0
"['Fercho191', 'react-tic-tac-toe']",1,0,0
"['manavpandya', 'MERN-Stack-CRUD-Operations']",1,0,0
"['echoindiabravo', 'local-weather']",1,0,0
"['ujala-adil', 'the-burger-builder-app']",1,0,0
"['anuk79', 'ReactPOC_Dashboard']",1,0,0
"['Ali-Modassir', 'Netflix-Clone']",1,0,0
"['draddo11', 'Counter-app-REACTJS']",1,0,0
"['vlsergey', 'react-indexdb-repo']",1,0,0
"['itsazzad', 'freelancer-com-reactjs']",1,0,0
"['tomroper', 'React-Contacts-SPA']",1,0,0
"['parth7676', 'popcorn']",1,0,0
"['10clouds', 'cottoncandy-react']",1,0,0
"['NauCode', 'Tic-Tac-Toe-ReactJS']",1,0,0
"['batuhangobekli', 'React-Native-Basic-Applications']",1,3,0
"['nelsonwenner', 'react-website-design']",1,0,0
"['eneax', 'github-battle']",1,0,0
"['miteshtagadiya', 'React-shared-components']",1,0,0
"['BritK333', 'weather-rn']",1,0,0
"['AoLi12306', 'MyReddit']",1,0,0
"['LuizCarlosVilela', 'covid19-News']",1,0,0
"['God4you', 'bk-tv']",1,0,0
"['galhavivi', 'cofi']",1,0,0
"['muqg', 'reactlib']",1,0,0
"['alexantoniogonzalez2', 'brick-breaker-react']",1,0,0
"['constantinosgeorgiou', 'breezebnb']",1,28,0
"['ssssyoki', 'D3-components']",1,0,0
"['amjohnson38', 'Muzik']",1,0,0
"['sjfox26', 'burger-builder-udemy']",1,0,0
"['AlejoYarce', 'react-item-list']",1,0,0
"['saigowthamr', 'reactaccordion']",1,0,0
"['wq93', 'react-jianshu']",1,0,0
"['philson-philip', 'react-basics']",1,0,0
"['skendall74', 'clickyGame']",1,0,0
"['lovejot2446', 'react-resort']",1,0,0
"['abhishekvirat0', 'Expense_Tracker_React']",1,0,0
"['belopot', 'moviee-react']",1,0,0
"['grlwholifts', 'my-lovely-react-apps']",2,0,0
"['weblineindia', 'ReactJS-Multiselect-Dropdown']",1,0,0
"['ElemeFE', 'element']",49800,16329,14040
"['vuetifyjs', 'vuetify']",30222,9758,7839
"['iview', 'iview']",23774,5515,4198
"['quasarframework', 'quasar']",18287,5565,5041
"['airyland', 'vux']",17420,3276,2208
"['ElemeFE', 'mint-ui']",16310,1223,917
"['surmon-china', 'vue-awesome-swiper']",11373,721,360
"['didi', 'cube-ui']",8686,586,479
"['epicmaxco', 'vuestic-admin']",7864,457,376
"['surmon-china', 'vue-quill-editor']",6467,418,148
"['lusaxweb', 'vuesax']",4977,673,308
"['surmon-china', 'vue-video-player']",3695,379,135
"['herozhou', 'vue-framework-wz']",3618,87,19
"['epicmaxco', 'epic-spinners']",3411,37,26
"['shinygang', 'Vue-cnodejs']",3079,80,71
"['jdf2e', 'nutui']",3047,345,285
"['didi', 'mand-mobile']",3011,483,431
"['xaboy', 'form-create']",2901,311,289
"['learn-vuejs', 'vue-patterns']",2805,6,4
"['pablohpsilva', 'vuejs-component-style-guide']",2756,28,21
"['heyui', 'heyui']",2312,269,202
"['view-design', 'ViewUI']",2243,771,57
"['FE-Driver', 'vue-beauty']",2101,239,118
"['halfrost', 'vue-objccn']",1973,19,18
"['vue-styleguidist', 'vue-styleguidist']",1964,508,423
"['surmon-china', 'vue-codemirror']",1908,112,54
"['f', 'vue-wait']",1803,60,30
"['vue3', 'vue3-News']",1737,22,3
"['miaolz123', 'vue-markdown']",1609,110,19
"['vuestorefront', 'storefront-ui']",1618,782,550
"['alvarotrigo', 'vue-fullpage.js']",1521,132,108
"['michalsnik', 'vue-content-placeholders']",1480,13,3
"['matfish2', 'vue-tables-2']",1478,860,725
"['gruhn', 'vue-qrcode-reader']",1262,188,156
"['creotip', 'vue-particles']",1228,57,10
"['primefaces', 'primevue']",1157,1052,489
"['lzxb', 'vue-cnode']",1133,31,31
"['QingWei-Li', 'vue-trend']",1112,30,9
"['SevenOutman', 'vue-aplayer']",1098,158,80
"['nicolasbeauvais', 'vue-social-sharing']",1093,212,184
"['chenqingspring', 'vue-lottie']",1047,42,3
"['YvesCoding', 'vuescroll']",1036,227,169
"['Semantic-UI-Vue', 'Semantic-UI-Vue']",917,243,109
"['meteor-vue', 'vue-meteor']",893,332,182
"['myliang', 'fish-ui']",869,37,17
"['QingWei-Li', 'vuep']",844,28,4
"['antonreshetov', 'vue-unicons']",840,31,23
"['JohMun', 'vue-tags-input']",767,128,64
"['artemsky', 'vue-snotify']",757,81,34
"['future-architect', 'cheetah-grid']",787,94,46
"['lokyoung', 'vuejs-paginate']",698,90,64
"['adeptoas', 'sweet-modal-vue']",690,85,37
"['hukaibaihu', 'vue-org-tree']",679,69,48
"['aliqin', 'atui']",674,39,32
"['MisterTaki', 'vue-table-with-tree-grid']",664,0,0
"['mbj36', 'vue-burger-menu']",662,75,38
"['heynext', 'v-contextmenu']",547,66,27
"['ghettovoice', 'vuelayers']",542,371,331
"['visualfanatic', 'vue-svg-loader']",520,100,66
"['starkwang', 'vue-virtual-collection']",511,24,16
"['cretueusebiu', 'vform']",485,99,73
"['saintplay', 'vue-swatches']",478,35,33
"['vue-gl', 'vue-gl']",446,82,20
"['surmon-china', 'vue-touch-ripple']",445,24,16
"['quatrochan', 'Equal']",421,38,28
"['adcentury', 'vue-weui']",413,22,9
"['creativetimofficial', 'vue-material-dashboard']",409,30,20
"['hejianxian', 'vddl']",406,54,19
"['itemsets', 'vue2']",397,22,0
"['GeekGhc', 'zhihu-app']",392,11,8
"['talkhabi', 'vue-persian-datetime-picker']",386,131,112
"['koddr', 'vue-goodshare']",359,30,23
"['amsik', 'liquor-tree']",351,189,86
"['drewjbartlett', 'vue-flickity']",340,45,24
"['shuiRong', 'vue-drag-tree']",339,25,13
"['KazanExpress', 'vue-simple-suggest']",337,129,94
"['coreui', 'coreui-vue']",329,115,95
"['Orlandster', 'vue-page-transition']",318,28,2
"['matsp', 'material-components-vue']",315,175,42
"['vinayakkulkarni', 'v-offline']",309,14,10
"['Wscats', 'vue-awesome-mui']",307,4,0
"['lusaxweb', 'vuenut']",305,7,4
"['hzlshen', 'vue-project']",301,1,1
"['heavyy', 'vue-intersect']",295,13,8
"['mcibique', 'vue-testing-examples']",291,4,1
"['ngVue', 'ngVue']",283,41,30
"['ScoutYin', 'ly-tab']",281,34,19
"['wuhou123', 'mui-vue2']",278,13,3
"['ccforward', 'rubik']",277,3,2
"['l-hammer', 'v-track']",277,13,4
"['jeffreyguenther', 'vue-turbolinks']",273,26,25
"['runkids', 'Imagvue']",268,1,0
"['janiskelemen', 'formvuelar']",266,14,9
"['pexea12', 'vue-image-lightbox']",260,67,53
"['Saeris', 'vue-spinners']",260,13,2
"['jarvelov', 'vue-form-json-schema']",257,76,46
"['vueonrails', 'vueonrails']",249,23,13
"['petehouston', 'vue-ui-framework']",246,7,3
"['wdfe', 'wdui']",244,9,6
"['cristijora', 'vue-tabs']",243,54,33
"['neighborhood999', 'vue-signature-pad']",242,62,25
"['xiaoai7904', 'web_designer']",241,17,16
"['creativetimofficial', 'vue-material-kit']",234,8,3
"['ivanlori', 'Vuemmerce']",233,11,4
"['antonreshetov', 'vue-glide']",230,48,19
"['gwenaelp', 'vue-diagrams']",223,9,1
"['yeyuqiudeng', 'vue-lazy-render']",219,7,6
"['rhwilr', 'vue-nestable']",218,42,33
"['luiguild', 'v-bar']",217,27,7
"['SmokingRabbit', 'amaze-vue']",211,9,9
"['jinkin1995', 'vue-json-edit']",210,29,8
"['arturmiz', 'vuent']",208,57,2
"['drehimself', 'todo-vue']",203,7,3
"['SinanMtl', 'vue-rate']",200,15,11
"['VueGWT', 'vue-gwt']",194,50,31
"['lx544690189', 'vue-mobile-calendar']",194,46,21
"['drewjbartlett', 'vue-switches']",191,19,6
"['antonreshetov', 'vue-eva-icons']",191,4,3
"['KamilOcean', 'vue-sticker']",190,1,1
"['ignoreintuition', 'v-chart-plugin']",189,69,10
"['rubanraj54', 'vue-bootstrap4-table']",187,82,51
"['unlayer', 'vue-email-editor']",180,21,1
"['brandonxiang', 'vueleaflet']",177,10,8
"['DOkwufulueze', 'eth-vue']",178,17,15
"['karakanb', 'vue-info-card']",171,2,0
"['SAP', 'fundamental-vue']",170,181,66
"['Click2Buy', 'vue-pivot-table']",168,19,4
"['timtnleeProject', 'vuejs-clipper']",165,76,72
"['isaaclyman', 'Viano']",158,5,5
"['337547038', 'Vue-UI-for-PC']",158,2,2
"['michaelolof', 'vue-literal-compiler']",158,3,1
"['ms-design', 'ms-design']",151,14,5
"['GerkinDev', 'vuejs-datatable']",151,85,67
"['ikismail', 'Vue-ShoppingCart']",146,6,3
"['auth0-blog', 'vuejs2-authentication-tutorial']",145,6,3
"['potato4d', 'vue-fixed-header']",144,31,14
"['edgardleal', 'require-vuejs']",143,39,20
"['balmjs', 'balm-ui']",144,45,36
"['ZYSzys', 'vue-canvas-nest']",137,9,6
"['greedying', 'vux-uploader']",136,41,31
"['igaster', 'laravel_cities']",133,26,16
"['Hokid', 'vue-loaders']",129,5,5
"['TerryZ', 'v-dialogs']",122,34,21
"['antonreshetov', 'vue-form-components']",120,22,4
"['connor11528', 'vuex-shopping-cart']",118,0,0
"['hjeti', 'vue-generator']",115,4,1
"['cuduy197', 'vue-flashcard']",115,3,0
"['surmon-china', 'surmon-china.github.io']",116,0,0
"['surmon-china', 'vue-drag-zone']",112,4,1
"['juijs', 'vue-graph']",112,22,6
"['LouisMazel', 'maz-ui']",111,68,45
"['jsnanigans', 'vue-parallax-js']",108,18,10
"['matheusgrieger', 'vue-clazy-load']",107,14,9
"['richardtallent', 'vue-stars']",106,8,3
"['TonPC64', 'vue-spinkit']",105,12,5
"['Morning-UI', 'morning-ui']",104,420,75
"['wencaizhang', 'ActionVue']",104,5,2
"['k186', 'pd-select']",101,12,10
"['saivarunk', 'vue-simple-upload']",100,11,3
"['chenxuan0000', 'vue-canvas-effect']",99,1,0
"['luosijie', 'vm-markdown']",96,9,2
"['nasa8x', 'v-markdown-editor']",95,14,5
"['KevinMint55', 'vue-willtable']",94,9,7
"['jlianphoto', 'iver']",93,2,2
"['nextcloud', 'nextcloud-vue']",92,258,106
"['iNeoO', 'vue-multi-select']",92,49,47
"['wmfe', 'xcui']",89,55,35
"['JefferyHus', 'v-odometer']",88,7,5
"['P3trur0', 'vue-country-flag']",87,26,16
"['anthonygore', 'vue-clock-simple']",87,3,2
"['beizhedenglong', 'vue-hooks-form']",86,0,0
"['Shreerang', 'Vue-Nuggets']",84,12,3
"['lirongtong', 'miitvip-vue-admin-manager']",89,3,0
"['vue-land', 'create-vue-component']",84,4,3
"['gerardreches', 'vue-qrcode-component']",85,10,10
"['TerryZ', 'v-page']",83,10,9
"['biigpongsatorn', 'vue-svg-filler']",80,10,3
"['micheleriva', 'vue-product-spinner']",80,18,9
"['zdliuccit', 'ml-ui']",79,15,4
"['dhhb', 'vue-base64-file-upload']",77,6,1
"['ChristianKienle', 'cdk']",77,24,0
"['chryb', 'vue-c3']",76,15,8
"['wuhou123', 'wxxcx']",76,3,0
"['cloudinary', 'cloudinary-vue']",77,46,41
"['mubaidr', 'vue-swimlane']",74,7,1
"['alidlorenzo', 'vue-mobiledoc-editor']",73,13,2
"['sudheerj', 'vueface']",73,8,4
"['bensladden', 'vue-fabric-wrapper']",73,29,16
"['jamesdruhan', 'vue-jd-table']",71,15,9
"['heynext', 'effect-input']",70,3,0
"['boussadjra', 'vueye-table']",68,10,6
"['heynext', 'effect-dropdown-vue']",68,2,0
"['vue3-club', 'vue3-docs']",69,2,1
"['fit2cloud-ui', 'fit2cloud-ui']",68,1,0
"['TheMushrr00m', 'cordovue']",67,6,2
"['mrastiak', 'vue-notification-bell']",64,10,3
"['Developmint', 'vue-link']",63,6,3
"['RonaldJerez', 'vue-input-facade']",61,27,26
"['quasarframework', 'vue-cli-plugin-quasar']",61,31,25
"['mbj36', 'vue-socialmedia-share']",61,2,0
"['yyh1102', 'vue-lazyload-images']",61,5,2
"['bedlate', 'vue-data-loading']",60,10,6
"['DrSensor', 'vue-annotator']",57,27,0
"['vikkio88', 'vue-flag-icon']",56,15,15
"['runkids', 'vue2-timeago']",55,11,10
"['ahmed-dinar', 'vuex-flash']",54,6,0
"['epicmaxco', 'vuestic-ui']",54,315,164
"['HCESrl', 'vue-responsive-image']",53,3,0
"['man15h', 'vue-cryptoicon']",55,6,1
"['kevindesousa', 'vue-image-loader']",53,2,0
"['djaxho', 'pure-vue-chart']",53,15,4
"['vectrejs', 'vectre']",53,1,1
"['gucong3000', 'postcss-html']",52,14,5
"['gdg-x', 'aura-admin']",52,39,19
"['julon', 'vue-cli-template-library']",50,9,1
"['jqwidgets', 'vue']",49,2,0
"['juliandavidmr', 'vue-frame']",49,10,7
"['john015', 'vue-load-image']",49,6,4
"['nejinn', 'nly-adminlte-vue']",49,5,5
"['guastallaigor', 'vue-horizontal-timeline']",47,34,1
"['loo41', 'Vuc']",48,0,0
"['vinayakkulkarni', 'v-rating']",47,2,2
"['pulilab', 'vue-qr-reader']",46,22,12
"['iNeoO', 'vue-meeting-selector']",45,5,4
"['LelesBox', 'cropper']",44,1,0
"['JoshK2', 'vue-spinners-css']",44,1,1
"['superwf', 'vue-impress']",43,0,0
"['vuedemos', 'VueStudy']",43,2,0
"['JounQin', 'vue-dynamic']",43,20,12
"['dogukanayd', 'basic-vue-data-table']",42,3,2
"['93gaurav93', 'v-owl-carousel']",42,20,10
"['vitta-health', 'Vi-Ui']",41,41,15
"['biigpongsatorn', 'vue-thailand-address-autocomplete']",40,1,1
"['CYBAI', 'language-vue-component']",39,15,5
"['mons54', 'vue-live-preview']",39,0,0
"['toast38coza', 'vue-uppy']",39,1,0
"['rishiqing', 'vue-emoji']",39,7,4
"['Yiiu', 'everyone']",38,2,0
"['alexchopin', 'vue-flexboxgrid']",37,3,0
"['vueschool', 'vuejs-components-fundamentals']",37,2,0
"['qddegtya', 'vue-today']",37,3,3
"['kgrandemange', 'vue-flip']",37,18,18
"['rafaelpimpa', 'vue-checkbox-switch']",36,0,0
"['maclisowski', 'zutre']",36,25,1
"['xiaojun1994', 'unique-ui']",36,0,0
"['FlorianWoelki', 'vue-cirrus']",35,9,0
"['osiris-ui', 'osiris']",35,19,1
"['gwenaelp', 'vfg-field-array']",36,14,4
"['blackfisk-tech', 'vstx-data-table']",34,11,5
"['Alexandrshy', 'vue-share-buttons']",34,7,1
"['wuhou123', 'mui-vue1.0']",33,0,0
"['Danktuary', 'vue-discord-message']",32,4,1
"['parys-github', 'vue-masonry-gallery']",32,4,1
"['liip', 'chusho']",32,34,4
"['vue-undraw', 'vue-undraw']",30,2,1
"['Owumaro', 'vue-date-range-picker']",30,4,0
"['OasisUI', 'Oasis']",28,21,1
"['mysticatea', 'vue-eslint-editor']",28,5,2
"['vinayakkulkarni', 'v-pip']",26,2,0
"['tipeio', 'uploadcare-vue']",26,3,1
"['ganl', 'vue-icon-font']",25,4,1
"['lizheng0515', 'ignore']",25,28,0
"['jhoff', 'blade-vue-directive']",25,3,2
"['shuiRong', 'vue-drag-tree-demo']",25,3,2
"['nasa8x', 'v-video-embed']",25,2,0
"['bytegem', 'vue-heroicons']",24,1,0
"['laravel-enso', 'select']",24,25,21
"['wuweijia', 'blog']",24,79,1
"['Lahori-Jawan', 'veeno']",24,5,1
"['mevinoth', 'vue-tiny-tabs']",24,1,0
"['AlwaysRightInstitute', 'VueXcode']",23,1,1
"['guitarbien', 'advanced-vue-component-design']",23,0,0
"['keller-mark', 'vueplotlib']",23,17,0
"['yansern', 'vue-scrolly']",23,7,0
"['Webang', 'yus']",23,9,0
"['2A5F', 'shadow']",24,10,6
"['lirael', 'vuejs-d3-uxgraph']",22,3,0
"['roundupapp', 'vue-plaid-link']",22,7,4
"['zuramai', 'nuxewind']",22,1,1
"['shadforth', 'vue-pokedex']",22,2,2
"['angelomelonas', 'vue-scroll-snap']",21,1,0
"['geoblink', 'design-system']",21,20,0
"['cretueusebiu', 'vue-datatables']",21,5,0
"['dmk', 'rails-vue-components-example']",20,0,0
"['boussadjra', 'vue3-router-tree']",20,1,1
"['337547038', 'Vue-Wap']",20,1,1
"['steemgigs', 'steemgigs']",20,122,51
"['sebastianwachter', 'vue-scratchable']",20,2,2
"['QingWei-Li', 'pue-loader']",19,0,0
"['fay-org', 'fect']",22,0,0
"['visualjerk', 'ari']",19,1,0
"['JoeshuTT', 'hello-iui']",19,0,0
"['geekytime', 'vuex-router']",19,5,1
"['sudheerj', 'vue-ui']",18,0,0
"['laravel-enso', 'documents']",18,9,4
"['tipeio', 'filestack-vue']",18,5,2
"['marp-team', 'marp-vue']",19,2,1
"['HuijiFE', 'void-ui']",18,15,3
"['system76', 'pop-vue']",17,1,1
"['benoitongit', 'vue-on-rails']",17,1,1
"['cjfff', 'deep-ui']",17,0,0
"['dewfall123', 'vitepress-for-component']",19,8,5
"['riverskies', 'laravel-vue-component']",16,1,0
"['codebryo', 'revue']",16,0,0
"['Abdulqudus001', 'vue-skeleton-loader']",17,2,2
"['Cambalab', 'vue-dynamic-table']",16,10,1
"['benchmark-urbanism', 'vue-mapbox-map']",16,1,1
"['lzcmaro', 'vue-mui']",16,1,1
"['funkhaus', 'fh-components']",16,106,61
"['helicopters', 'wc-view']",16,8,3
"['juijs', 'vue-uix']",15,0,0
"['IgorHalfeld', 'halfeld-components']",15,2,0
"['nan1010082085', 'VueComponents']",15,3,3
"['bluepower', 'vui-vc-next']",15,0,0
"['JFusco', 'vue-router-vuex-example']",15,0,0
"['yusinto', 'ld-vue']",15,0,0
"['mikemenaker', 'vue-data-table']",15,1,1
"['meteorlxy', 'vue-bs-pagination']",14,0,0
"['DrSensor', 'vue-authoring-template']",14,13,1
"['AlisProject', 'alis-editor-old']",14,9,1
"['fluency03', 'vue-json-form']",14,0,0
"['P3trur0', 'vue-ribbon']",14,1,0
"['edutucci', 'hawkvuemdframework']",14,1,1
"['LiuChangkang', 'vue-native-scroll']",14,1,0
"['jillztom', 'vue-moments-ago']",14,5,1
"['vue-bulma', 'pagination']",14,8,6
"['Chooin', 'c-mobile']",14,0,0
"['lakb248', 'vue-component-generator']",13,2,0
"['wclimb', 'wat']",13,0,0
"['nelsonkuang', 'vue-mobiscroll']",14,0,0
"['crcatala', 'vue-full-screen-file-drop']",13,3,0
"['InDIOS', 'vue-ts-decorate']",12,4,3
"['mbj36', 'vue-status']",12,0,0
"['FluentifyJs', 'fluentify']",12,20,0
"['shawn2016', 'isui-vue']",12,0,0
"['prabhuignoto', 'smart-tagz']",12,3,1
"['yzsunlei', 'special-vue-series-code-analyzing']",12,0,0
"['DWYW', 'bee-ui']",12,0,0
"['afc-org', 'vue-tailwind']",12,7,0
"['marverix', 'v-tostini']",12,9,8
"['Aiyoumi-FE', 'aym-ui']",12,1,1
"['EryouHao', 'live']",12,1,0
"['johannes-z', 'office-fabric']",12,9,1
"['Sysvale', 'cuida']",11,44,16
"['weblineindia', 'Vue-QRCode-Generator']",11,0,0
"['wsdo', 'vuejs-best-practice']",10,0,0
"['flexmonster', 'vue-flexmonster']",11,0,0
"['fengxianqi', 'v-audio-player']",11,0,0
"['laravel-enso', 'tutorials']",11,5,2
"['benchmark-urbanism', 'vue-mapbox-feature']",11,3,1
"['fe6', 'water']",11,19,0
"['vinayakkulkarni', 'v-intl']",11,0,0
"['Ethiel97', 'realtime_todo']",11,0,0
"['wrappixel', 'Xtreme-VueJs-Vuesax-free-admin']",11,0,0
"['nobalmohan', 'vue-time-slot']",11,0,0
"['c0nst4ntin', 'vue-component-importer']",12,0,0
"['spring21cn', 'vue-component']",10,1,0
"['babyeyeFE', 'vue-uwp']",10,3,0
"['wanlixi', 'vue-week-calendar']",10,0,0
"['tomatoaiu', 'vue-gutter-resize']",10,7,0
"['daggerok', 'vue-examples']",10,0,0
"['laravel-enso', 'roles']",10,4,4
"['vadymsem', 'vue-bubble-chat']",10,0,0
"['papercss', 'vue-papercss']",10,21,15
"['mhadaily', 'vue2-shop']",10,0,0
"['TerryZ', 'v-tablegrid']",10,0,0
"['edisdev', 'vue-generate-module']",9,0,0
"['appbaseio-apps', 'booksearch-vue']",9,1,0
"['ssd-tutorials', 'vue-form-component']",9,0,0
"['cham11ng', 'multi-tenant-postgres']",9,0,0
"['tanvir0604', 'vue-dropdown-datepicker']",9,9,4
"['carlosazaustre', 'pixelscamp-firebase-ml']",9,0,0
"['ssfe-team', 'lantern']",8,0,0
"['qWici', 'vue-lang-code-flags']",8,6,5
"['galan99', 'multiple-vue']",8,0,0
"['laravel-enso', 'DataTable']",8,18,11
"['flexmonster', 'pivot-vue']",8,0,0
"['open-interactive', 'helium']",8,191,100
"['QingWei-Li', 'vuetch']",8,0,0
"['hanfengcan', 'easyBI']",8,0,0
"['Naimikan', 'vue2-mapboxgl-component']",8,1,0
"['LiLiang-Studio', 'xview-ui']",8,2,0
"['zisuzon', 'v-chips-multiselect']",8,0,0
"['laravel-enso', 'notifications']",8,1,1
"['rodgeraraujo', 'Pokedex']",7,0,0
"['zuck', 'leaflet-vue']",7,0,0
"['justeat', 'fozzie-components']",7,11,4
"['moveideas', 'vue-product-360']",7,0,0
"['victor0210', 'TUI']",7,23,14
"['meishaFE', 'drawBoard']",7,0,0
"['flitrue', 'vue-awesome-dropdown']",7,0,0
"['julon', 'vue-creativecommons']",7,4,0
"['MyShellSoftwareLab', 'alvue']",7,0,0
"['HYFE', 'beer-ui']",7,0,0
"['is-liyiwei', 'im-vuer']",7,0,0
"['fingerpich', 'vue-edit-json']",7,1,0
"['zhuss', 'vue-date-picker']",7,0,0
"['TemperWorks', 'Nucleus']",7,1,1
"['mountable', 'spinners']",7,0,0
"['juijs', 'vue-sheets']",6,1,0
"['xparlyn', 'vue-component']",6,0,0
"['BBT-FE', 'baobab-ui']",6,0,0
"['weblineindia', 'Vue-QRCode-Scanner']",6,0,0
"['loethen', 'chinese-number-plate-select']",6,0,0
"['thatfrankdev', 'vue-polygon-editor']",6,0,0
"['xarples', 'wolfi']",6,0,0
"['jqwidgets', 'vue-grid-source']",6,0,0
"['wedog', 'vue-scroll-load']",6,0,0
"['gxmari007', 'coview']",6,1,0
"['Chantouch', 'vue-vlidator']",6,0,0
"['AGDholo', 'vuetify-admin']",6,1,0
"['HstarComponents', 'vue-lte-ui']",6,0,0
"['Kholid060', 'vue-mdijs']",6,2,1
"['yyh1102', 'Teaching-Assistance-Application']",6,0,0
"['HybridHome', 'tlmobileapp']",6,0,0
"['XpycT', 'vue-3dmodel-viewer']",6,0,0
"['screeny05', 'shopware-vueify']",6,1,0
"['samuraikun', 'atomic-design-vue']",5,1,0
"['LdwgWffnschmdt', 'vue-ros3djs']",5,2,1
"['photogabble', 'tagify-vue']",5,7,2
"['probil', 'vue-prevent-unload']",5,2,1
"['junglesta', 'newsvue']",5,0,0
"['Leooman', 'LhnUI']",5,0,0
"['dennythecoder', 'vue-knob']",5,0,0
"['Nthalk', 'vue-vanilla']",5,0,0
"['zhong-tsong', 'vue3-vuex-element-ui-pc-dmall2.0']",5,1,0
"['vue-project', 'vue-nasa']",5,0,0
"['fishtripr', 'fishtripr-ui']",5,1,0
"['machine-w', 'Vue.D3.Grid']",5,0,0
"['balmjs', 'balm-ui-lite']",5,0,0
"['lusaxweb', 'vuttons']",5,0,0
"['zq741235', 'vue-markd-loader']",5,0,0
"['jbaysolutions', 'vue-bootstrap-select']",5,0,0
"['WarehouseManagementSystem', 'WMS']",5,0,0
"['future-team', 'swan-ui']",5,1,0
"['aidenZou', 'vue-dora']",5,1,0
"['koakumaping', 'ct-hodor']",5,0,0
"['panio123', 'vue-phone-model']",5,0,0
"['vueschool', 'single-file-components']",5,0,0
"['adielsh', 'vue-simple-modal']",5,0,0
"['creativetimofficial', 'ct-vue-material-kit-pro']",5,19,13
"['baraja-core', 'cms']",5,19,0
"['frederikwagner', 'vue-component-library']",4,1,0
"['meteorlxy', 'vue-weui-components']",4,0,0
"['GabMic', 'vuejs-bulma-tabs']",4,0,0
"['blinkylights23', 'vue-clock']",4,9,0
"['iNeoO', 'vue-component-template']",4,0,0
"['Josantonius', 'vue-module-manager']",4,0,0
"['kaeyleo', 'quanta-ui']",4,0,0
"['memoriaXII', 'vueinstagram']",4,2,0
"['CrowdShakti', 'vue-dnd-hoc']",4,0,0
"['Kholid060', 'vue-heroicons']",4,1,1
"['cyclecycle', 'vue-annotated-text']",4,1,0
"['potato4d', 'vue-serial-input']",4,0,0
"['tongbanjie', 'skydragon']",4,0,0
"['bravf', 'rainbow-nash']",4,0,0
"['hartwork', 'vue-tristate-checkbox']",4,1,1
"['cihat', 'app-ideas-projects']",4,1,0
"['JessChampion', 'citethis']",4,0,0
"['do-community', 'do-vue']",4,0,0
"['jdriesen', 'Using-VueJS-2-Components-in-pure-HTML']",4,0,0
"['vue-unstyled-components', 'vue-unstyled-components']",4,5,2
"['JayZangwill', 'vue-svga']",4,0,0
"['drew-y', 'quick-form']",4,6,3
"['helleworldGIT', 'Vue-Bulma-Sass']",4,0,0
"['TriDiamond', 'vue-photoswipe']",4,0,0
"['euvl', 'nice-vue-components']",4,0,0
"['KrishnaPG', 'vue-list-grid']",4,0,0
"['lineupjs', 'vue-lineup']",4,3,1
"['ssd-tutorials', 'vue-form-component-completed']",4,0,0
"['codekraft-studio', 'vue-speech']",4,1,1
"['GourmetPro', 'vue-stripe-js']",3,0,0
"['suomato', 'laravel-vue-component-generator']",3,0,0
"['matPK', 'simple-vue-crud']",3,0,0
"['talenHuang', 'vue-swipe-cell']",3,0,0
"['tobias910903', 'komue-mobile']",3,0,0
"['wanlixi', 'vue-calendar-selector']",3,1,0
"['estudioliver', 'vue-uuid']",3,1,1
"['RodrigoSaint', 'vue-validatejs']",3,0,0
"['MetamediaTechnology', 'longdo-map-vue']",3,0,0
"['Avtonom', 'spa-application-symfony-restful-api-vue']",3,0,0
"['panzer-vor', 'bili-ui']",3,0,0
"['alexknutson', 'vue-triangle-separator']",3,0,0
"['Xvezda', 'vue-chrome-i18n']",3,4,0
"['Diki-afk', 'Vue_CAFESHOP']",3,0,0
"['gopalindians', 'pm-app']",3,2,0
"['ubykuo', 'app-challenge']",3,0,0
"['nfraz007', 'danish_portfolio_v2']",3,0,0
"['jh3y', 'which-key']",3,2,0
"['RightBrainTechBD', 'vue-awesome-icon-picker']",3,2,1
"['charithsoori', 'isomorphic-vue-srilanka']",3,4,0
"['goto10hq', 'vue-nani-kore']",3,4,0
"['expeditejs', 'expedite']",3,0,0
"['eirunye', 'My_vue']",3,0,0
"['toast38coza', 'vue-element-forms']",3,0,0
"['palashmon', 'vuejs-basics']",3,1,0
"['SIY1121', 'vue-sliding-panel']",3,2,0
"['gongph', 'sflds-vue']",3,0,0
"['koas', 'hivuely']",3,0,0
"['vue-storyboard', 'storyboard']",3,2,0
"['fuckiebrowser', 'vue-pmui']",3,0,0
"['bevitch', 'bevitch']",3,3,0
"['zjutszl', 'cnode_vue']",3,0,0
"['jamenamcinteer', 'vue-colorpicker']",3,0,0
"['vashigor', 'great-vue-func-com']",3,0,0
"['juliandavidmr', 'vue-hyper']",3,1,0
"['jokerwon', 'youngless-ui']",3,0,0
"['msidolphin', 'vue-skeleton']",3,0,0
"['otezz', 'heroicons-vue']",3,0,0
"['fattihkoca', 'vuejs-overlay']",3,4,1
"['ataotao', 'VUE-T-COMPONENT']",3,0,0
"['loo41', 'vue-input-effects']",3,0,0
"['gggoe', 'bookstore']",3,0,0
"['pnaika', 'vue_starter_kit_demo']",3,0,0
"['athif23', 'vue2html']",3,1,0
"['linked-solutions', 'rdfjs-vue']",2,0,0
"['tomrlh', 'vue-datatable']",2,0,0
"['fengzhineng1', 'vue-component']",2,0,0
"['huewilliams', 'Vue.js']",2,0,0
"['johnmcraig', 'inventory-manager']",2,0,0
"['aashishpeepra', 'VueBasicNoteKepper']",2,0,0
"['zWingz', 'vue-with-wrapper']",2,0,0
"['Illyism', 'responsive-component-design-demo']",2,0,0
"['ajaymarathe', 'vue-hero-design-system']",2,0,0
"['kirillkuzmin', 'my-vue']",2,0,0
"['anilkaraabali', 'vue-components']",2,0,0
"['Jarhowe', 'Haven-UI']",2,0,0
"['matthsena', 'vuejs-storybook']",2,0,0
"['beatrizsmerino', 'vue-users']",2,3,0
"['weblineindia', 'Vue-Image-Crop-Upload']",2,0,0
"['weblineindia', 'Vue-Multiselect-Dropdown']",2,0,0
"['BruceShang', 'vuem']",2,0,0
"['lunaroyster', 'vue-wikitext']",2,1,0
"['sabbirhossain540', 'Vue-js-Fundermentals']",2,0,0
"['vannvan', 'ww-ui']",2,0,0
"['mat-sz', 'vue-letter']",2,0,0
"['lin30', 'calendar']",2,0,0
"['func-star', 'mov-mobile']",2,0,0
"['elkinny', 'Simple-Vue-App']",2,0,0
"['mo-ocean', 'mo-ui']",2,0,0
"['parasol-tree', 'dew-ui']",2,0,0
"['lijun1234560', 'ui-vue-pc']",2,0,0
"['magitek-telescope', 'vue-cover-object']",2,1,0
"['mustafadalga', 'chat']",2,0,0
"['dodonki1223', 'vue-getting-started']",2,0,0
"['shabeeb', 'vue-vuex-typescript-starter']",2,0,0
"['iridiumui', 'iridium']",2,23,0
"['saigowthamr', 'WeatherApp-vuejs']",2,0,0
"['lulongwen', 'vue']",2,0,0
"['mad-hacks', 'madhacks-webapp']",2,1,0
"['niefz', 'vui']",2,0,0
"['nmanikiran', 'VueFeed']",3,0,0
"['mustafadalga', 'crud-vuejs']",2,0,0
"['BingLee1994', 'mi-theme-shop-vue-app']",2,0,0
"['HC200ok', 'vue-easy-range-date-picker']",2,0,0
"['tauseef89', 'Vue-Cli-Demo-App']",2,0,0
"['richjava', 'vue-newsfeed']",2,0,0
"['Chi-teck', 'vue-pager']",2,0,0
"['herissonsilvahs', 'product-manage-challenge']",2,0,0
"['ArmanAbbasi', 'vue-js-starter-kit']",2,0,0
"['mu-ui', 'mu-ui']",2,0,0
"['icarusxu', 'vue.tw-city-selector']",2,0,0
"['cihat', 'LearningVue']",2,0,0
"['kingDeveloper2015', 'Vue.js-Bank']",2,0,0
"['ZooTopiaGG', 'dp-vue-loading']",2,0,0
"['itelmenko', 'ratiw-vuetable-2-laravel-example']",2,0,0
"['goodhands', 'vue-spa']",2,0,0
"['webreinvent', 'vaahvue']",2,0,0
"['ming-tsai', 'vue-type-text']",2,1,0
"['asarmiento', 'softAdventist']",2,0,0
"['d-kochanzhi', 'cmp-table']",2,0,0
"['pubdreamcc', 'vue_demo']",2,0,0
"['tmallet', 'LaMa']",2,0,0
"['TimRChen', 'vue-expand-panel']",2,0,0
"['alex8088', 'wx-vue']",2,0,0
"['rqyrku', 'vue-opti-table']",2,0,0
"['adempiere', 'vue-ui']",2,1,0
"['hillpy', 'meifei']",2,0,0
"['LizAinslie', 'fomantic-ui-vue']",2,0,0
"['ssd-tutorials', 'vue-responsive-navigation']",2,0,0
"['xiaofuzi', 'vue-tutorial-source']",2,0,0
"['atoanofish', 'simple-vue']",2,0,0
"['jhony2488', 'setup-vue-nuxt--with-typescript-ESLint-Jest-Babel']",2,0,0
"['ksc-fx', 'pcadmin']",2,1,0
"['larbibaraka', 'NoteApp']",2,0,0
"['weblineindia', 'Vue-Password-Component']",2,0,0
"['shohei-ot', 'vue-html-code-viewer']",2,0,0
"['siteotop', 'siteo-app']",2,2,0
"['ahmadfajar', 'vue-mdbootstrap']",2,4,2
"['cangtian02', 'vue-components']",1,0,0
"['lloydjatkinson', 'vue-demonstration-component-testing']",1,0,0
"['cccnoob', 'vue-only-number-input']",1,0,0
"['Cyanhall', 'awesome-vue']",1,0,0
"['loveyunk', 'vue-iconfont-component']",1,0,0
"['yukihirop', 'vue-tag-editor']",1,0,0
"['mimicmobile', 'vue-jukebox']",1,0,0
"['Naujiano', 'simple-table']",1,2,0
"['SpeciesFileGroup', 'matrix_row_coder']",1,38,1
"['GyoungYY', 'vue-components']",1,0,0
"['Lahori-Jawan', 'vshards']",1,0,0
"['isJDongYa', 'Haru-UI']",1,0,0
"['wolfstark', 'cmui']",1,0,0
"['Boyzmsc', 'learn-vue-js']",1,0,0
"['den9yon9', 'datepicker-for-vue']",1,0,0
"['nu-system', 'vue-dialog']",1,1,0
"['iwyvi', 'vue-float-preview']",1,0,0
"['weblineindia', 'Vue-URL-Component']",1,0,0
"['mustafadalga', 'dogaklani']",1,0,0
"['ajaymarathe', 'vue-pensive-design-system']",1,0,0
"['ajaymarathe', 'vue-solitude-design-system']",1,0,0
"['sushilparajuli', 'tradeStockApp']",1,0,0
"['wahyudisetiaji', 'Bike-Zone']",1,0,0
"['weblineindia', 'Vue-Phone-Number']",1,0,0
"['mdhelaluddin-ctg-bd', 'vue-router-vuex']",1,0,0
"['wjxdem', 'message-list']",1,0,0
"['christlee1989', 'vue-mobile-log']",1,0,0
"['SB-IM', 'vue-lbgv']",1,0,0
"['ppranitps20', 'Vue-EventCalendar']",1,0,0
"['weblineindia', 'Vue-Swipe-Action']",1,0,0
"['saurabhdaware', 'vue-extra']",1,4,0
"['coder-hk', 'supermall']",1,0,0
"['iliyaZelenko', 'awesome-vue3']",1,0,0
"['Himenon', 'path-tree']",1,1,0
"['kyuch4n', 'royce-ui']",1,0,0
"['rare-treasure', 'form-engine']",1,0,0
"['yanm1ng', 'yoga-ui']",1,0,0
"['Miguel-Herrero', 'vue-kabook']",1,4,0
"['chrissmartin', 'vue-upload-component']",1,0,0
"['MrTenger', 'meow-ui']",1,0,0
"['360macky', 'clickmoji']",1,0,0
"['cagcak', 'vue-chat-session']",1,0,0
"['w-rudolph', 'fresh-ui']",1,0,0
"['yale8848', 'vue-installer']",1,0,0
"['kyokidG', 'vue-coincoint-game']",1,0,0
"['kyokidG', 'vue-background-color']",1,0,0
"['jprivillaso', 'node-microservices']",1,0,0
"['fe6', 'fecli-cpt-tpl-vue']",1,0,0
"['Asuralel', 'vue-timepiece']",1,0,0
"['vnmuthu', 'vuejs-todo-app']",1,0,0
"['micah5', 'vue-cascading-signup']",1,0,0
"['riversofficial', 'ToDoList-Justto']",1,0,0
"['safeimuslim', 'vue-loading-components']",1,0,0
"['vue-space', 'vue-space.org']",1,0,0
"['masterix21', 'bakello']",1,2,1
"['guixianleng', 'vue-mobile-ui']",1,0,0
"['ajaymarathe', 'vue-supine-design-system']",1,0,0
"['patelparixit07', 'laravel-vuejs-demo']",1,0,0
"['hoadv', 'vue-sidebar-group-tree']",1,0,0
"['muijs', 'vue-mui']",1,0,0
"['fuzzco', 'component-base']",1,1,0
"['goodhands', 'learn-vue']",1,0,0
"['Trubasa', 'vuePictureManager']",1,0,0
"['vrijraj', 'vue-fireabse-auth']",1,0,0
"['arun-alagesan', 'homeautomation']",1,46,0
"['shenfe', 'vsnippet']",1,0,0
"['weblineindia', 'Vue-CK-Editor']",1,0,0
"['weblineindia', 'Vue-Message-Dialog-Box']",1,0,0
"['Azghour-Saad', 'real-world-vue']",1,0,0
"['tri-chandra', 'vue-semantic-ui']",1,0,0
"['colinw92', 'renthouse']",1,0,0
"['sirberus', 'vue-primitives']",1,0,0
"['yjtmD', 'wx-vue-template']",1,0,0
"['DiegoKarabin', 'spa']",1,0,0
"['clue-ui', 'clue-ui']",1,0,0
"['StickInsect2', 'chatroom']",1,1,0
"['weblineindia', 'Vue-Currency-Input']",1,0,0
"['weblineindia', 'Vue-Email']",1,0,0
"['Daniel-Knights', 'MEVN-Boilerplate']",1,0,0
"['ajaymarathe', 'vue-grace-design-system']",1,0,0
"['pwndex', 'vuespins']",1,0,0
"['Lsnsh', 'weui-vue']",1,0,0
"['hashemirafsan', 'vue-materialize-css']",1,0,0
"['shindesharad71', 'Stock-Trader-With-Vue']",1,0,0
"['dwatow', 'vueExercise']",1,0,0
"['VougeJS', 'Vouge']",1,9,0
"['yangyile', 'vue-pro']",1,0,0
"['Mxiaer8', 'WebCompoments']",1,1,0
"['nicolascine', 'vuejs-lastFM']",1,0,0
"['careteenL', 'lan-vue-v3']",1,0,0
"['helicopters', 'wc-drawer']",1,0,0
"['eman1986', 'vue-typescript-example']",1,0,0
"['Gwemz', 'fengyi']",1,0,0
"['weblineindia', 'Vue-Timepicker']",1,0,0
"['BolajiAyodeji', 'vue-socks-shop']",1,0,0
"['rhaider-dev', 'vue-todoapp']",1,0,0
"['PowerMobileWeb', 'mint-ui']",1,0,0
"['ahsouza', 'pwa-vuejs']",1,1,0
"['GeorgePlukovWebDesign', 'MacedonianWinesAndSpirits']",1,0,0
"['LucyMac', 'cityfinder']",1,0,0
"['ywang04', 'todo-app']",1,0,0
"['kyokidG', 'kucina-dashboard']",1,0,0
"['dipendrashekhawat', 'vue-app']",1,0,0
"['berhalak', 'vue-strict']",1,2,0
"['csdoker', 'vimi-ui']",1,0,0
"['rymate1234', 'tab-complete-input-vue']",1,1,1
"['macagua', 'example-vuejs2-spa']",1,0,0
"['omnia-digital', 'quasar-laravel-cms']",1,0,0
"['saigowthamr', 'Youtube-Search']",1,0,0
"['GianFF', 'another-vue-carousel']",1,7,0
"['SyncfusionExamples', 'create-a-vue-autocomplete-component-using-vue-cli']",1,0,0
"['weblineindia', 'Vue-Custom-Datepicker']",1,0,0
"['yzsunlei', 'special-vue-basis-lesson']",1,0,0
"['d-kochanzhi', 'vuejs-sharepoint-people-picker']",1,0,0
"['ohhoney1', 'vue-shape-shifter']",1,0,0
"['abisalazar1', 'lightbox-vuejs']",1,0,0
"['nash403', 'vue-soup']",1,0,0
"['arelstone', 'vue-documentor']",1,0,0
"['mraing', 'vue-demolist']",1,0,0
"['gurkanakdeniz', 'week-todos-vue-client']",1,0,0
"['careteenL', 'lan-vue']",1,0,0
"['Saeris', 'vue-mana']",1,31,0
"['huteming', 'huteming-ui']",1,0,0
"['GuoJikun', 'ignis-ui']",1,0,0
"['PythonUnited', 'picture-pile']",1,0,0
"['Akmatworld', 'todo-app']",1,0,0
"['iobites', 'vue-number-select-disc']",1,0,0
"['yashwanth2714', 'Marvel-Heroes_Vue-Project']",1,0,0
"['guixianleng', 'vue-music-webapp']",1,0,0
"['rebecagrn', 'checkout-pagseguro-vue']",1,0,0
"['ajaymarathe', 'vue-peace-design-system']",1,0,0
"['macagua', 'example-vuejs2-todo-app']",1,0,0
"['weblineindia', 'Vue-Address-Autosuggest']",1,0,0
"['weblineindia', 'Vue-Dropdown']",1,0,0
"['weblineindia', 'Vue-Text-Box']",1,0,0
"['biscofil', 'vue-form-components']",0,0,0
"['rei', 'vunit']",0,8,1
"['stagecast', 'moment-components']",0,0,0
"['cnyet', 'vue-components']",0,0,0
"['634323580', 'vue-component']",0,0,0
"['mjpclab', 'vue-tabber']",0,0,0
"['exceeder', 'crowd-ui']",0,0,0
"['jellyfishgh', 'my-vue-components']",0,0,0
"['codekraft-studio', 'vue-video-background']",0,0,0
"['resourcedesign', 'vue-image-badge']",0,0,0
"['connor11528', 'communicating-between-vue-components']",0,0,0
"['davidpelayo', 'vue-intersection-observer']",0,5,0
"['az-iar', 'vue-components']",0,0,0
"['shindesharad71', 'Vue-Components-Communication']",0,0,0
"['shershen08', 'vue-plugins-demo-static']",0,0,0
"['samcyn', 'vuenews']",0,1,0
"['theshahriars', 'book-store-app']",0,1,0
"['muhammedtas', 'Basic-SPA-With-Vue.js']",0,0,0
"['zhangjialegh', 'vue-toast-dialog']",0,0,0
"['guixianleng', 'my-blog']",0,0,0
"['SyncfusionExamples', 'customize-multiselect-dropdown-items-using-templates']",0,0,0
"['SyncfusionExamples', 'customize-vue-auto-complete-items-using-templates']",0,0,0
"['SyncfusionExamples', 'how-to-group-the-vue-list-box-items']",0,0,0
"['danielkroon', 'wterdrops.com']",0,0,0
"['olgmaks', 'vue-fire-example']",0,0,0
"['collectivecloudperu', 'youtube_app_vuejs_boostrap_2.6.11']",0,0,0
"['BingLee1994', 'vue-mobile-toast']",1,0,0
"['code661', 'gulu']",0,0,0
"['ahsouza', 'argo-vue']",0,0,0
"['ShawnChenOfficial', 'EventCalendar-vue']",0,0,0
"['chipmunktail', 'AsheUI']",0,0,0
"['Raistlin916', 'vue-swiper-lite']",0,0,0
"['shilpavijay', 'Vue.js']",0,0,0
"['Madoka03', 'poi-template']",0,0,0
"['thjiang', 'luxury-ui']",0,0,0
"['ManKeomorakort', 'Vuejs-benchmark']",0,0,0
"['MOHAMMADArsalan', 'learn-vue-js-step-by-step']",0,0,0
"['MChouaiar', 'vue-custom-element-use']",0,0,0
"['miview', 'miview']",0,0,0
"['SyncfusionExamples', 'getting-started-with-the-vue-multi-select-dropdown-of-syncfusion']",0,0,0
"['SyncfusionExamples', 'how-to-group-and-filter-the-vue-multiselect-dropdown']",0,0,0
"['Ribs-organization', 'ribs-vue-countdown']",0,0,0
"['anayarojo', 'vue-web-concepts']",0,0,0
"['jtarulla', 'first-Vue-app']",0,0,0
"['figurluk', 'simple-ui']",0,18,0
"['TusharKanjariya', 'todo-app-vuejs']",0,0,0
"['ahmadfajar', 'vue-mdbootstrap-demos']",0,0,0
"['PolukovY', 'todo-app-vuejs-basic']",0,0,0
"['andrew-werdna', 'ShippingCalendar']",0,0,0
"['mrcointreau', 'vue-awesome-buttons']",0,0,0
"['kishore007k', 'vue_responsive_site']",0,0,0
"['anandskartha', 'vue-js-testbed']",0,0,0
"['macagua', 'example-vuejs2-bulma-css']",0,0,0
"['FastyBird', 'web-ui-theme']",0,0,0
"['abisalazar1', 'carousel-vuejs']",0,0,0
"['jasonccs', 'vue2.3.4']",0,0,0
"['SealUI', 'sealui-m']",0,0,0
"['enspdf', 'vue-js-components-example']",0,0,0
"['ShredderMing', 'miyuri']",0,0,0
"['mikeludemann', 'vue-components-container']",0,0,0
"['pingshiguo', 'vue-find']",0,0,0
"['lamberger', 'Clock']",0,0,0
"['wuxianqiang', 'admin']",0,0,0
"['isaacdarcilla', 'vue-bluetooth']",0,0,0
"['navin-moorthy', 'vue-mastery-intro-to-vuejs']",0,0,0
"['zisuzon', 'vue-custom-chips-multiselect']",0,0,0
"['rajithaeyee', 'vue-todo-app']",0,0,0
"['stella-maris', 'sonnet-weather']",0,0,0
"['aykutonen', 'vue-recursive-demo']",0,0,0
"['huakerHK', 'Vue-']",0,0,0
"['VladKurluk', 'Vue.js2-SPA']",0,0,0
"['SharangUkidve', 'vue-chips-input']",0,0,0
"['v-ui', 'vue-ui']",0,0,0
"['Liosavid', '2020-02_VUE-Components_Bookstore']",0,0,0
"['santhusurya', 'laravel-vue-youtube-clone']",0,0,0
"['IndexXuan', 'vc-bootstrap-doc']",0,0,0
"['stronquens', 'demos-VueJS2']",0,0,0
"['Shardik04', 'VueJs-APP']",0,0,0
"['whiplashedy', 'whiplashed01']",0,0,0
"['huntxiao', 'vidly-vue']",0,0,0
"['otherjohn', 'google-location-autofill']",0,0,0
"['SyncfusionExamples', 'how-to-group-and-filter-the-vue-combo-box-items']",0,0,0
"['kandogu', 'Web-Based-Photo-Tagging-App']",0,0,0
"['zlv2s', 'awesome-todo']",0,0,0
"['Heanes', 'heUI']",0,0,0
"['MatthewBryantDonovan', 'VGHypeman2.0']",0,0,0
"['YoussefHarizi', 'laravue']",0,0,0
"['caidix', 'cd-ui']",0,0,0
"['Mcamin', 'Adding-Elemens-Dynamically-in-Vue']",0,0,0
"['jeisonjs', 'applications-with-vuejs']",0,0,0
"['mattgibbo', 'vue3-starter']",0,0,0
"['terresolide', 'formater-metadata-vjs']",0,24,0
"['yzsunlei', 'maibao-app-h5']",0,1,0
"['kizito917', 'nuxt-cart']",0,0,0
"['benmccallum', 'vue-bootstrap-breakpoint-indicator']",0,0,0
"['scify', 'Machine-Learning-JS-playground']",0,0,0
"['shindesharad71', 'Quotes-WebApp-Using-Vue']",0,0,0
"['NichenFly', 'tree-vue']",0,0,0
"['AvinashMudunuri', 'learn-vue']",0,0,0
"['StephenGilboy', 'vue-async-components-webpack-4']",0,0,0
"['zhuss', 'vue-step']",0,0,0
"['jeff-mccommas', 'Vue.js-v2-crud-application']",0,0,0
"['cubiczx', 'vue_v2']",0,0,0
"['ACamiruaga', 'PokeAPI-Test']",0,0,0
"['pillowslept', 'poke-app']",0,0,0
"['sakibmd', 'QuoteHandler-Vue.js-App']",0,0,0
"['MingaudasVagonis', 'vue-attractions-front']",0,0,0
"['roy-lau', 'vue']",0,0,0
"['anhaeh', 'vue-simple-chat']",0,0,0
"['FEMessage', 'count-down']",0,0,0
"['saplingjs', 'vue-components']",0,4,0
"['sehinde-gb', 'customerleads']",0,0,0
"['netfron', 'server_laravel']",0,0,0
"['WYseven', 'vue-examples-list']",0,0,0
"['MuslumTurk', 'VueJs_GifExample']",0,0,0
"['rashmimalpande', 'Vue-Message-Component']",0,0,0
"['RoamIn', 'vue-custom-input']",0,0,0
"['FRFlor', 'cat-mouse']",0,0,0
"['codekraft-studio', 'vue-google-map']",0,1,0
"['errajswami', 'vue-scan-com']",0,0,0
"['GreenhouseStudios', 'sourcery-components']",0,0,0
"['annrie', 'Foundation-Vue']",0,0,0
"['Harshmakadia', 'vue-skills']",0,0,0
"['sr2ds', 'Vue-Flickr-Search']",0,0,0
"['zisuzon', 'vue-custom-multiselect']",0,0,0
"['SyncfusionExamples', 'customize-combobox-items-using-templates']",0,0,0
"['superhero2007', 'SearchFrom']",0,0,0
"['naveedali8086', 'parent-child-dropdown']",0,0,0
"['pstavrianidis', 'vue-greeklish-search']",0,0,0
"['webreinvent', 'vaah-vue-pagination']",0,0,0
"['koendebruijn', 'vue-todo-app']",0,0,0
"['abyss-soft', 'vue-rest-api-federal']",0,0,0
"['mnao305', 'vue-social-share-component']",0,3,0
"['IvanShavliuga', 'IvanShavliuga.github.io']",0,0,0
"['AppointmentGuru', 'DocumentGuru']",0,0,0
"['akbarsahata', 'vue-pwa']",0,0,0
"['toBeTheLight', 'try-ui']",0,0,0
"['AnthonyMichaelc', 'vue-crypto-compare']",0,0,0
"['jtaox', 'vue-cards-stack']",0,0,0
"['NataliShip', 'player3d-vue']",0,0,0
"['iliakut', 'Monty_Problem']",0,0,0
"['vipinc007', 'SimpleVuejsPaginator']",0,0,0
"['oluwaseye', 'vue-todo']",0,0,0
"['ShekhSaifuddin007', 'todo-app']",0,0,0
"['slim-python', 'vue-example-to-get-value-from-a-input-textfield-box-and-print-it']",0,0,0
"['han6054', 'Jvue']",0,0,0
"['kazinayem2011', 'vue.js_custom_elements']",0,0,0
"['ludo237', 'covid-stats']",0,0,0
"['LucasGeek', 'Vue.JS']",0,0,0
"['frullah', 'vue-validation-components']",0,0,0
"['macagua', 'example-vuejs2-names-people']",0,0,0
"['hasanuzzamanbe', 'laravel-vue-example']",0,0,0
"['osamatoama', 'vue-todo']",0,0,0
"['ze25800000', 'sell']",0,0,0
"['VladKurluk', 'Vue-Weekly-day-Todo']",0,0,0
"['artus', 'vue-terminal']",0,0,0
"['telluslabs', 'kernel-chrome-app']",0,0,0
"['saigowthamr', 'Roll-and-Dice-game']",0,0,0
"['fe6', 'vcmd']",0,1,0
"['nu-system', 'vue-button']",0,0,0
"['zhouxiang1991', 'easy-ui']",0,0,0
"['siddhartha0110', 'Vue-Blog']",0,0,0
"['shangxinbo', 'ark']",0,0,0
"['oriente-fe', 'oriente-ui']",0,27,0
"['ericmuyser', 'hyper-ui']",0,0,0
"['michaelsoriano', 'nasa-images']",0,0,0
"['beatrizsmerino', 'vue-todolist']",0,1,0
"['komayuki', 'vue-mui-components']",0,0,0
"['doudoudzj', 'vue-input-select']",0,0,0
"['Amaster-eu', 'vue2-template-webpack-simple']",0,0,0
"['varunpvp', 'vuejs-useful-components']",0,0,0
"['nu-system', 'vue-axios-form']",0,0,0
"['felipefabricio31', 'vue-js']",0,0,0
"['SyncfusionExamples', 'customize-dropdown-list-items-using-templates']",0,0,0
"['socialchan', 'Vento']",0,0,0
"['vccampbell', 'vue-table-component']",0,0,0
"['SyncfusionExamples', 'create-a-vue-combo-box-component-using-vue-cli']",0,0,0
"['SyncfusionExamples', 'create-a-vue-dropdownlist-using-vue-cli']",0,0,0
"['SyncfusionExamples', 'how-to-filter-and-group-vue-dropdown-list-items']",0,0,0
"['monade', 'vue-components']",0,0,0
"['el-masta', 'iccids-telcel']",0,0,0
"['boriskrasko', 'socks']",0,0,0
"['MunjerinHossain', 'vuex-todoList']",0,0,0
"['5046312', 'vui']",0,0,0
"['voiders', 'vue-v-autocomplete']",0,0,0
"['GhatuDB', 'vue.js-starter']",0,0,0
"['goveo', 'vue-pagination-simple']",0,0,0
"['vibrains', 'asroma']",0,0,0
"['colmugx', 'vue-number-tab']",0,0,0
"['liquidnuker', 'r_comps_vcCarousel1']",0,0,0
"['adhyapranata', 'vue-countdown']",0,0,0
"['ijklim', 'scatterplot']",0,0,0
"['enekoamieva', 'vue-todo-app']",0,0,0
"['cwestleyj', 'VueResumeTemplate']",0,0,0
"['itujono', 'weather-vue']",0,0,0
"['kingsun-fz', 'class-ui']",0,0,0
"['clue-ui', 'clue-ui-help']",0,0,0
"['josebermudez', 'laravel-genesis']",0,0,0
"['Bootstrap-Hunter', 'foundation-vue']",0,0,0
"['hvekriya', 'grocery-info']",0,0,0
"['codefingas', 'fullstackjs']",0,0,0
"['EvgeniyGordinskiy', 'crm_frontend_vue']",0,0,0
"['sterashima78', 'vue-iframe']",0,1,0
"['rahul7011', 'VueEventBulletinBoard']",0,0,0
"['oguzhanonder91', 'vuejsexample']",0,0,0
"['TusharKanjariya', 'currency-converter-tray-electron']",0,0,0
"['djaraweb', 'vuex-contadordefrutas']",0,0,0
"['ssd-tutorials', 'vue-horizontal-feed']",0,0,0
"['Muhammad-Adil', 'Vue.js-101']",0,0,0
"['johnmcraig', 'vue-portfolio-spa']",0,0,0
"['Fliplet', 'fliplet-widget-form-builder']",0,0,0
"['daggerok', 'parcel-vue-ts-decorator-example']",0,0,0
"['wenyejie', 'sview']",0,0,0
"['merve', 'color-palette']",0,0,0
"['fjc0k', 'fir-ui-old']",0,0,0
"['nick-ChenZe', 'vue-portal']",0,0,0
"['papajia', 'microworld-vue']",0,0,0
"['codekraft-studio', 'vue-calendar']",0,1,0
"['ifengzp', 'element-ui-review']",0,0,0
"['arixse', 'vue-virtualized']",0,0,0
"['ImtiazEpu', 'vue-exercise']",0,0,0
"['l-ll', 'alloy-crop-vue']",0,0,0
"['spacepatate', 'vue-space-datetime-picker']",0,0,0
"['Priestch', 'vue-pdf-component']",0,0,0
"['daggerok', 'using-vue-components-in-vuepress-pages']",0,0,0
"['xlouc', 'element']",0,0,0
"['LuisReyes98', 'Rails-Webpack-Virtual-Store']",0,0,0
"['NatanR-dev', 'LumenCRUD-API-WithVueJS']",0,0,0
"['iamwebwiz', 'laravue-taskman']",0,0,0
"['klawney', 'vue-filter-component']",0,0,0
"['mrlmx', 'xin-ui-vue']",0,0,0
"['Akmatworld', 'covid19']",0,0,0
"['dhazelett', 'SemanticVuei']",0,0,0
"['YangXinYu417', 'hammer']",0,0,0
"['IdenPin', 'elm-do']",0,0,0
"['Haixiang6123', 'wheel-ui']",0,0,0
"['I-like-PhysiX', 'webshop']",0,0,0
"['tristan-smith', 'vue-gen']",0,0,0
"['VladKalachev', 'nsi']",0,0,0
"['zhanfei2024', 'iv-components']",0,0,0
"['CastilloLuis', 'fylo-landing']",0,0,0
"['angular', 'components']",21368,12132,9831
"['PatrickJS', 'awesome-angular']",7841,45,41
"['NG-ZORRO', 'ng-zorro-antd']",7433,4039,3306
"['akveo', 'nebular']",7006,1551,653
"['swimlane', 'ngx-datatable']",4252,1492,667
"['ng-alain', 'ng-alain']",4120,1708,1501
"['swimlane', 'ngx-charts']",3898,1191,531
"['brillout', 'awesome-angular-components']",3170,25,17
"['ng-select', 'ng-select']",2603,1427,1168
"['Yonet', 'Angular-Interview-Questions']",977,6,5
"['Gbuomprisco', 'ngx-chips']",845,688,552
"['NG-ZORRO', 'ng-zorro-antd-mobile']",716,298,238
"['videogular', 'videogular2']",680,431,247
"['DevCloudFE', 'ng-devui']",642,59,37
"['edcarroll', 'ng2-semantic-ui']",626,297,158
"['ng-alain', 'delon']",592,0,0
"['NodeArt', 'angular-commerce']",531,11,5
"['AnthonyNahas', 'ngx-auth-firebaseui']",526,298,122
"['po-ui', 'po-angular']",507,204,149
"['IgniteUI', 'igniteui-angular']",443,3833,3391
"['cipchk', 'ngx-weui']",432,148,124
"['SoCreate', 'angular-playground']",417,146,121
"['surmon-china', 'angular-admin']",357,25,17
"['khan4019', 'angular-interview-questions']",355,1,0
"['cloudinary', 'cloudinary_angular']",306,140,115
"['tiaguinho', 'material-community-components']",285,136,96
"['A-l-y-l-e', 'Alyle-UI']",237,53,27
"['surmon-china', 'ngx-quill-editor']",232,65,17
"['ObaidUrRehman', 'ng-drag-drop']",233,100,49
"['fishme', 'awesome-ionic2-components']",209,1,0
"['FE-free', 'fc-angular']",173,5,1
"['cipchk', 'ngx-ueditor']",169,58,53
"['SAP', 'fundamental-ngx']",168,2378,1438
"['syncfusion', 'ej2-angular-ui-components']",168,154,125
"['src-zone', 'material']",144,42,11
"['coreui', 'coreui-angular']",141,62,29
"['AngularTemplates', 'learn-angular-from-scratch-step-by-step']",142,1,0
"['positive-js', 'mosaic']",118,10,5
"['dockleryxk', 'ng-simple-slideshow']",118,92,69
"['unlayer', 'angular-email-editor']",110,31,4
"['dynatrace-oss', 'barista']",108,640,514
"['NG-NEST', 'ng-nest']",105,16,4
"['thomsonreuters', 'FEF']",96,0,0
"['garciparedes', 'ng-katex']",95,50,25
"['WiziShop', 'ng-wizi-bulma']",94,16,9
"['AngularTemplates', 'angular-forms-and-validations']",87,1,1
"['ng-packagr', 'nx-packaged']",82,0,0
"['ng-matero', 'extensions']",80,42,34
"['alan-agius4', 'ng-mono-repo-starter']",78,8,6
"['czeckd', 'angular-dual-listbox']",76,72,53
"['angular-university', 'angular-advanced-course']",72,3,0
"['cipchk', 'ngx-tinymce']",71,21,15
"['vm-mishchenko', 'ngx-wall']",62,77,0
"['GustavoCostaW', 'ngc-float-button']",58,20,9
"['nitsnets', 'unicorn_components']",58,8,3
"['1-2-3', 'zorro-sharper']",54,2,2
"['videogular', 'ngx-videogular']",50,33,16
"['creativetimofficial', 'notus-angular']",46,6,1
"['elasticrash', 'ngx.leaflet.component']",46,72,21
"['DaanDeSmedt', 'awesome-angular']",46,0,0
