0,Y3Vyc29yOjQz,chenqingspring/vue-lottie,https://github.com/chenqingspring/vue-lottie,1041,,0
0,Y3Vyc29yOjQ0,YvesCoding/vuescroll,https://github.com/YvesCoding/vuescroll,1025,,0
0,Y3Vyc29yOjQ1,Semantic-UI-Vue/Semantic-UI-Vue,https://github.com/Semantic-UI-Vue/Semantic-UI-Vue,916,,0
0,Y3Vyc29yOjQ2,meteor-vue/vue-meteor,https://github.com/meteor-vue/vue-meteor,893,,0
0,Y3Vyc29yOjQ3,myliang/fish-ui,https://github.com/myliang/fish-ui,866,,0
0,Y3Vyc29yOjQ4,QingWei-Li/vuep,https://github.com/QingWei-Li/vuep,841,,0
0,Y3Vyc29yOjQ5,antonreshetov/vue-unicons,https://github.com/antonreshetov/vue-unicons,835,,0
0,Y3Vyc29yOjUw,JohMun/vue-tags-input,https://github.com/JohMun/vue-tags-input,766,,0
0,Y3Vyc29yOjUx,artemsky/vue-snotify,https://github.com/artemsky/vue-snotify,755,,0
0,Y3Vyc29yOjUz,lokyoung/vuejs-paginate,https://github.com/lokyoung/vuejs-paginate,698,,0
0,Y3Vyc29yOjU0,adeptoas/sweet-modal-vue,https://github.com/adeptoas/sweet-modal-vue,688,,0
0,Y3Vyc29yOjU1,hukaibaihu/vue-org-tree,https://github.com/hukaibaihu/vue-org-tree,676,,0
0,Y3Vyc29yOjU2,aliqin/atui,https://github.com/aliqin/atui,674,,0
0,Y3Vyc29yOjU3,MisterTaki/vue-table-with-tree-grid,https://github.com/MisterTaki/vue-table-with-tree-grid,662,,0
0,Y3Vyc29yOjU4,mbj36/vue-burger-menu,https://github.com/mbj36/vue-burger-menu,653,,0
0,Y3Vyc29yOjU5,future-architect/cheetah-grid,https://github.com/future-architect/cheetah-grid,556,,0
0,Y3Vyc29yOjYw,heynext/v-contextmenu,https://github.com/heynext/v-contextmenu,542,,0
0,Y3Vyc29yOjYy,visualfanatic/vue-svg-loader,https://github.com/visualfanatic/vue-svg-loader,515,,0
0,Y3Vyc29yOjYz,starkwang/vue-virtual-collection,https://github.com/starkwang/vue-virtual-collection,508,,0
0,Y3Vyc29yOjY0,cretueusebiu/vform,https://github.com/cretueusebiu/vform,480,,0
0,Y3Vyc29yOjY1,saintplay/vue-swatches,https://github.com/saintplay/vue-swatches,468,,0
0,Y3Vyc29yOjY2,surmon-china/vue-touch-ripple,https://github.com/surmon-china/vue-touch-ripple,442,,0
0,Y3Vyc29yOjY3,vue-gl/vue-gl,https://github.com/vue-gl/vue-gl,440,,0
0,Y3Vyc29yOjY4,adcentury/vue-weui,https://github.com/adcentury/vue-weui,414,,0
0,Y3Vyc29yOjY5,creativetimofficial/vue-material-dashboard,https://github.com/creativetimofficial/vue-material-dashboard,407,,0
0,Y3Vyc29yOjcw,hejianxian/vddl,https://github.com/hejianxian/vddl,406,,0
0,Y3Vyc29yOjcz,GeekGhc/zhihu-app,https://github.com/GeekGhc/zhihu-app,394,,0
0,Y3Vyc29yOjc0,talkhabi/vue-persian-datetime-picker,https://github.com/talkhabi/vue-persian-datetime-picker,383,,0
0,Y3Vyc29yOjc1,amsik/liquor-tree,https://github.com/amsik/liquor-tree,351,,0
0,Y3Vyc29yOjc2,koddr/vue-goodshare,https://github.com/koddr/vue-goodshare,350,,0
0,Y3Vyc29yOjc4,shuiRong/vue-drag-tree,https://github.com/shuiRong/vue-drag-tree,339,,0
0,Y3Vyc29yOjc5,KazanExpress/vue-simple-suggest,https://github.com/KazanExpress/vue-simple-suggest,333,,0.0
0,Y3Vyc29yOjgw,coreui/coreui-vue,https://github.com/coreui/coreui-vue,328,,0
0,Y3Vyc29yOjgx,matsp/material-components-vue,https://github.com/matsp/material-components-vue,316,,0
0,Y3Vyc29yOjgy,Orlandster/vue-page-transition,https://github.com/Orlandster/vue-page-transition,315,,0
0,Y3Vyc29yOjgz,Wscats/vue-awesome-mui,https://github.com/Wscats/vue-awesome-mui,307,,0
0,Y3Vyc29yOjg0,vinayakkulkarni/v-offline,https://github.com/vinayakkulkarni/v-offline,307,,0
0,Y3Vyc29yOjg1,lusaxweb/vuenut,https://github.com/lusaxweb/vuenut,306,,0
0,Y3Vyc29yOjg2,hzlshen/vue-project,https://github.com/hzlshen/vue-project,301,,0
0,Y3Vyc29yOjg3,heavyy/vue-intersect,https://github.com/heavyy/vue-intersect,293,,0
0,Y3Vyc29yOjg4,mcibique/vue-testing-examples,https://github.com/mcibique/vue-testing-examples,287,,0
0,Y3Vyc29yOjg5,ngVue/ngVue,https://github.com/ngVue/ngVue,282,,0
0,Y3Vyc29yOjkw,ScoutYin/ly-tab,https://github.com/ScoutYin/ly-tab,280,,0
0,Y3Vyc29yOjkx,wuhou123/mui-vue2,https://github.com/wuhou123/mui-vue2,278,,0
0,Y3Vyc29yOjky,l-hammer/v-track,https://github.com/l-hammer/v-track,278,,0
0,Y3Vyc29yOjkz,ccforward/rubik,https://github.com/ccforward/rubik,277,,0
0,Y3Vyc29yOjk0,jeffreyguenther/vue-turbolinks,https://github.com/jeffreyguenther/vue-turbolinks,272,,0
0,Y3Vyc29yOjk1,runkids/Imagvue,https://github.com/runkids/Imagvue,268,,0
0,Y3Vyc29yOjk2,janiskelemen/formvuelar,https://github.com/janiskelemen/formvuelar,264,,0
0,Y3Vyc29yOjk3,pexea12/vue-image-lightbox,https://github.com/pexea12/vue-image-lightbox,258,,0
0,Y3Vyc29yOjk4,Saeris/vue-spinners,https://github.com/Saeris/vue-spinners,258,,0
0,Y3Vyc29yOjk5,jarvelov/vue-form-json-schema,https://github.com/jarvelov/vue-form-json-schema,253,,0
0,Y3Vyc29yOjEwMA==,vueonrails/vueonrails,https://github.com/vueonrails/vueonrails,250,,0
0,Y3Vyc29yOjEwMQ==,petehouston/vue-ui-framework,https://github.com/petehouston/vue-ui-framework,245,,0
0,Y3Vyc29yOjEwMg==,wdfe/wdui,https://github.com/wdfe/wdui,243,,0
0,Y3Vyc29yOjEwMw==,cristijora/vue-tabs,https://github.com/cristijora/vue-tabs,242,,0
0,Y3Vyc29yOjEwNA==,neighborhood999/vue-signature-pad,https://github.com/neighborhood999/vue-signature-pad,242,,0
0,Y3Vyc29yOjEwNQ==,creativetimofficial/vue-material-kit,https://github.com/creativetimofficial/vue-material-kit,234,,0
0,Y3Vyc29yOjEwNg==,xiaoai7904/web_designer,https://github.com/xiaoai7904/web_designer,229,,0
0,Y3Vyc29yOjEwNw==,ivanlori/Vuemmerce,https://github.com/ivanlori/Vuemmerce,228,,0
0,Y3Vyc29yOjEwOA==,antonreshetov/vue-glide,https://github.com/antonreshetov/vue-glide,227,,0
0,Y3Vyc29yOjEwOQ==,gwenaelp/vue-diagrams,https://github.com/gwenaelp/vue-diagrams,223,,0
0,Y3Vyc29yOjExMA==,yeyuqiudeng/vue-lazy-render,https://github.com/yeyuqiudeng/vue-lazy-render,219,,0
0,Y3Vyc29yOjExMQ==,luiguild/v-bar,https://github.com/luiguild/v-bar,217,,0
0,Y3Vyc29yOjExMg==,rhwilr/vue-nestable,https://github.com/rhwilr/vue-nestable,212,,0
0,Y3Vyc29yOjExMw==,SmokingRabbit/amaze-vue,https://github.com/SmokingRabbit/amaze-vue,211,,0
0,Y3Vyc29yOjExNA==,jinkin1995/vue-json-edit,https://github.com/jinkin1995/vue-json-edit,209,,0
0,Y3Vyc29yOjExNQ==,arturmiz/vuent,https://github.com/arturmiz/vuent,207,,0
0,Y3Vyc29yOjExNg==,drehimself/todo-vue,https://github.com/drehimself/todo-vue,200,,0
0,Y3Vyc29yOjExNw==,SinanMtl/vue-rate,https://github.com/SinanMtl/vue-rate,200,,0
0,Y3Vyc29yOjExOA==,VueGWT/vue-gwt,https://github.com/VueGWT/vue-gwt,194,,0
0,Y3Vyc29yOjExOQ==,lx544690189/vue-mobile-calendar,https://github.com/lx544690189/vue-mobile-calendar,194,,0
0,Y3Vyc29yOjEyMA==,antonreshetov/vue-eva-icons,https://github.com/antonreshetov/vue-eva-icons,191,,0
0,Y3Vyc29yOjEyMQ==,KamilOcean/vue-sticker,https://github.com/KamilOcean/vue-sticker,190,,0
0,Y3Vyc29yOjEyMg==,drewjbartlett/vue-switches,https://github.com/drewjbartlett/vue-switches,189,,0
0,Y3Vyc29yOjEyMw==,ignoreintuition/v-chart-plugin,https://github.com/ignoreintuition/v-chart-plugin,188,,0
0,Y3Vyc29yOjEyNA==,rubanraj54/vue-bootstrap4-table,https://github.com/rubanraj54/vue-bootstrap4-table,187,,0
0,Y3Vyc29yOjEyNQ==,vueschool/vue-masterclass,https://github.com/vueschool/vue-masterclass,179,,0
0,Y3Vyc29yOjEyNg==,brandonxiang/vueleaflet,https://github.com/brandonxiang/vueleaflet,177,,0
0,Y3Vyc29yOjEyNw==,unlayer/vue-email-editor,https://github.com/unlayer/vue-email-editor,175,,0
0,Y3Vyc29yOjEyOA==,DOkwufulueze/eth-vue,https://github.com/DOkwufulueze/eth-vue,174,,0
0,Y3Vyc29yOjEyOQ==,karakanb/vue-info-card,https://github.com/karakanb/vue-info-card,170,,0
0,Y3Vyc29yOjEzMA==,SAP/fundamental-vue,https://github.com/SAP/fundamental-vue,169,,0
0,Y3Vyc29yOjEzMQ==,Click2Buy/vue-pivot-table,https://github.com/Click2Buy/vue-pivot-table,165,,0
0,Y3Vyc29yOjEzMg==,timtnleeProject/vuejs-clipper,https://github.com/timtnleeProject/vuejs-clipper,163,,0
0,Y3Vyc29yOjEzMw==,isaaclyman/Viano,https://github.com/isaaclyman/Viano,158,,0
0,Y3Vyc29yOjEzNA==,michaelolof/vue-literal-compiler,https://github.com/michaelolof/vue-literal-compiler,158,,0
0,Y3Vyc29yOjEzNQ==,337547038/Vue-UI-for-PC,https://github.com/337547038/Vue-UI-for-PC,157,,0
0,Y3Vyc29yOjEzNg==,ms-design/ms-design,https://github.com/ms-design/ms-design,150,,0
0,Y3Vyc29yOjEzNw==,GerkinDev/vuejs-datatable,https://github.com/GerkinDev/vuejs-datatable,148,,0
0,Y3Vyc29yOjEzOA==,ikismail/Vue-ShoppingCart,https://github.com/ikismail/Vue-ShoppingCart,144,,0
0,Y3Vyc29yOjEzOQ==,auth0-blog/vuejs2-authentication-tutorial,https://github.com/auth0-blog/vuejs2-authentication-tutorial,144,,0
0,Y3Vyc29yOjE0MA==,potato4d/vue-fixed-header,https://github.com/potato4d/vue-fixed-header,144,,0
0,Y3Vyc29yOjE0MQ==,edgardleal/require-vuejs,https://github.com/edgardleal/require-vuejs,143,,0
0,Y3Vyc29yOjE0Mg==,balmjs/balm-ui,https://github.com/balmjs/balm-ui,139,,0
0,Y3Vyc29yOjE0Mw==,ZYSzys/vue-canvas-nest,https://github.com/ZYSzys/vue-canvas-nest,137,,0
0,Y3Vyc29yOjE0NA==,greedying/vux-uploader,https://github.com/greedying/vux-uploader,137,,0
0,Y3Vyc29yOjE0NQ==,igaster/laravel_cities,https://github.com/igaster/laravel_cities,133,,0
0,Y3Vyc29yOjE0Ng==,Hokid/vue-loaders,https://github.com/Hokid/vue-loaders,128,,0
0,Y3Vyc29yOjE0Nw==,TerryZ/v-dialogs,https://github.com/TerryZ/v-dialogs,122,,0
0,Y3Vyc29yOjE0OA==,antonreshetov/vue-form-components,https://github.com/antonreshetov/vue-form-components,120,,0
0,Y3Vyc29yOjE0OQ==,connor11528/vuex-shopping-cart,https://github.com/connor11528/vuex-shopping-cart,118,,0
0,Y3Vyc29yOjE1MA==,hjeti/vue-generator,https://github.com/hjeti/vue-generator,114,,0
0,Y3Vyc29yOjE1MQ==,cuduy197/vue-flashcard,https://github.com/cuduy197/vue-flashcard,114,,0
0,Y3Vyc29yOjE1Mg==,surmon-china/surmon-china.github.io,https://github.com/surmon-china/surmon-china.github.io,113,,0
0,Y3Vyc29yOjE1Mw==,juijs/vue-graph,https://github.com/juijs/vue-graph,113,,0
0,Y3Vyc29yOjE1NA==,surmon-china/vue-drag-zone,https://github.com/surmon-china/vue-drag-zone,111,,0
0,Y3Vyc29yOjE1NQ==,LouisMazel/maz-ui,https://github.com/LouisMazel/maz-ui,110,,0
0,Y3Vyc29yOjE1Ng==,jsnanigans/vue-parallax-js,https://github.com/jsnanigans/vue-parallax-js,108,,0
0,Y3Vyc29yOjE1Nw==,matheusgrieger/vue-clazy-load,https://github.com/matheusgrieger/vue-clazy-load,106,,0
0,Y3Vyc29yOjE1OA==,richardtallent/vue-stars,https://github.com/richardtallent/vue-stars,106,,0
0,Y3Vyc29yOjE1OQ==,wencaizhang/ActionVue,https://github.com/wencaizhang/ActionVue,105,,0
0,Y3Vyc29yOjE2MA==,TonPC64/vue-spinkit,https://github.com/TonPC64/vue-spinkit,105,,0
0,Y3Vyc29yOjE2MQ==,Morning-UI/morning-ui,https://github.com/Morning-UI/morning-ui,104,,0
0,Y3Vyc29yOjE2Mg==,k186/pd-select,https://github.com/k186/pd-select,101,,0
0,Y3Vyc29yOjc=,KeepSafe/TapTargetView,https://github.com/KeepSafe/TapTargetView,4997,,0.0
0,Y3Vyc29yOjEw,material-components/material-components-web-react,https://github.com/material-components/material-components-web-react,1901,,0
0,Y3Vyc29yOjEx,PatilShreyas/Foodium,https://github.com/PatilShreyas/Foodium,1737,,0
0,Y3Vyc29yOjEy,heinrichreimer/material-intro,https://github.com/heinrichreimer/material-intro,1673,,0
0,Y3Vyc29yOjEz,DmitryMalkovich/material-design-dimens,https://github.com/DmitryMalkovich/material-design-dimens,1376,,0
0,Y3Vyc29yOjE0,jaredrummler/Cyanea,https://github.com/jaredrummler/Cyanea,1322,,0
0,Y3Vyc29yOjE1,finnhvman/matter,https://github.com/finnhvman/matter,892,,0
0,Y3Vyc29yOjE3,skydoves/MarvelHeroes,https://github.com/skydoves/MarvelHeroes,841,,0
0,Y3Vyc29yOjE4,cortinico/slidetoact,https://github.com/cortinico/slidetoact,792,,0
0,Y3Vyc29yOjE5,material-components/material-components-flutter,https://github.com/material-components/material-components-flutter,660,,0
0,Y3Vyc29yOjIw,ReactiveCircus/FlowBinding,https://github.com/ReactiveCircus/FlowBinding,614,,0
0,Y3Vyc29yOjIx,heinrichreimer/material-drawer,https://github.com/heinrichreimer/material-drawer,609,,0
0,Y3Vyc29yOjI0,trimox/angular-mdc-web,https://github.com/trimox/angular-mdc-web,543,,0
0,Y3Vyc29yOjI1,prateekbh/preact-material-components,https://github.com/prateekbh/preact-material-components,535,,0
0,Y3Vyc29yOjI2,TheComputerM/svelte-materialify,https://github.com/TheComputerM/svelte-materialify,395,,0
0,Y3Vyc29yOjI3,ricknout/android-mdc-theming,https://github.com/ricknout/android-mdc-theming,388,,0
0,Y3Vyc29yOjI4,aforemny/elm-mdc,https://github.com/aforemny/elm-mdc,340,,0
0,Y3Vyc29yOjI5,sergivonavi/MaterialBanner,https://github.com/sergivonavi/MaterialBanner,241,,0
0,Y3Vyc29yOjMw,patzly/grocy-android,https://github.com/patzly/grocy-android,239,,0
0,Y3Vyc29yOjMx,Semper-Viventem/Material-backdrop,https://github.com/Semper-Viventem/Material-backdrop,220,,0
0,Y3Vyc29yOjMy,BootstrapDash/Material-Admin,https://github.com/BootstrapDash/Material-Admin,220,,0
0,Y3Vyc29yOjMz,michaelbel/BottomSheet,https://github.com/michaelbel/BottomSheet,219,,0
0,Y3Vyc29yOjM0,react-mdc/react-material-components-web,https://github.com/react-mdc/react-material-components-web,184,,0
0,Y3Vyc29yOjM1,nativescript-community/ui-material-components,https://github.com/nativescript-community/ui-material-components,173,,0
0,Y3Vyc29yOjM2,PatilShreyas/MaterialNavigationView-Android,https://github.com/PatilShreyas/MaterialNavigationView-Android,171,,0
0,Y3Vyc29yOjM3,Eajy/MaterialDesign2,https://github.com/Eajy/MaterialDesign2,169,,0
0,Y3Vyc29yOjM4,material-components/material-components-flutter-codelabs,https://github.com/material-components/material-components-flutter-codelabs,168,,0
0,Y3Vyc29yOjM5,src-zone/material,https://github.com/src-zone/material,143,,0
0,Y3Vyc29yOjQw,danimahardhika/cafebar,https://github.com/danimahardhika/cafebar,142,,0
0,Y3Vyc29yOjQy,pedromassango/IBackdrop,https://github.com/pedromassango/IBackdrop,137,,0
0,Y3Vyc29yOjQz,eugenebrusov/android-cards,https://github.com/eugenebrusov/android-cards,136,,0
0,Y3Vyc29yOjQ0,BlazorExtensions/BlazorMaterial,https://github.com/BlazorExtensions/BlazorMaterial,136,,0
0,Y3Vyc29yOjQ1,PhoenixDevTeam/Phoenix-for-VK,https://github.com/PhoenixDevTeam/Phoenix-for-VK,131,,0
0,Y3Vyc29yOjQ2,HTMLElements/smart-webcomponents,https://github.com/HTMLElements/smart-webcomponents,117,,0
0,Y3Vyc29yOjQ3,OlivierLDff/Qaterial,https://github.com/OlivierLDff/Qaterial,112,,0
0,Y3Vyc29yOjQ4,robertlevonyan/MediaPicker,https://github.com/robertlevonyan/MediaPicker,106,,0
0,Y3Vyc29yOjY=,Solido/awesome-flutter,https://github.com/Solido/awesome-flutter,34758,,0
0,Y3Vyc29yOjEw,mdbootstrap/mdb-ui-kit,https://github.com/mdbootstrap/mdb-ui-kit,20747,,0
0,Y3Vyc29yOjEx,HeroTransitions/Hero,https://github.com/HeroTransitions/Hero,19948,,0
0,Y3Vyc29yOjEy,afollestad/material-dialogs,https://github.com/afollestad/material-dialogs,18667,,0
0,Y3Vyc29yOjE0,angular/material,https://github.com/angular/material,16705,,0
0,Y3Vyc29yOjE3,iampawan/FlutterExampleApps,https://github.com/iampawan/FlutterExampleApps,13883,,0
0,Y3Vyc29yOjE4,froala/design-blocks,https://github.com/froala/design-blocks,13197,,0
0,Y3Vyc29yOjIw,CosmicMind/Material,https://github.com/CosmicMind/Material,11744,,0
0,Y3Vyc29yOjI0,Ramotion/animated-tab-bar,https://github.com/Ramotion/animated-tab-bar,10721,,0
0,Y3Vyc29yOjI1,MaterialDesignInXAML/MaterialDesignInXamlToolkit,https://github.com/MaterialDesignInXAML/MaterialDesignInXamlToolkit,10572,,0
0,Y3Vyc29yOjI2,Ramotion/folding-cell,https://github.com/Ramotion/folding-cell,9932,,0
0,Y3Vyc29yOjI3,AppIntro/AppIntro,https://github.com/AppIntro/AppIntro,9710,,0
0,Y3Vyc29yOjI4,creativetimofficial/material-dashboard,https://github.com/creativetimofficial/material-dashboard,9645,,0
0,Y3Vyc29yOjI5,ksoichiro/Android-ObservableScrollView,https://github.com/ksoichiro/Android-ObservableScrollView,9606,,0
0,Y3Vyc29yOjMw,mdbootstrap/material-design-for-bootstrap,https://github.com/mdbootstrap/material-design-for-bootstrap,9467,,0
0,Y3Vyc29yOjMy,navasmdc/MaterialDesignLibrary,https://github.com/navasmdc/MaterialDesignLibrary,9136,,0
0,Y3Vyc29yOjMz,Templarian/MaterialDesign,https://github.com/Templarian/MaterialDesign,8943,,0
0,Y3Vyc29yOjM0,react-toolbox/react-toolbox,https://github.com/react-toolbox/react-toolbox,8684,,0
0,Y3Vyc29yOjM2,Freelander/Android_Data,https://github.com/Freelander/Android_Data,8380,,0
0,Y3Vyc29yOjM5,squidfunk/mkdocs-material,https://github.com/squidfunk/mkdocs-material,5961,,0
0,Y3Vyc29yOjQw,material-shell/material-shell,https://github.com/material-shell/material-shell,5638,,0
0,Y3Vyc29yOjQx,creativetimofficial/material-kit,https://github.com/creativetimofficial/material-kit,5567,,0
0,Y3Vyc29yOjQz,Ramotion/expanding-collection,https://github.com/Ramotion/expanding-collection,5374,,0
0,Y3Vyc29yOjQ0,Tapadoo/Alerter,https://github.com/Tapadoo/Alerter,5047,,0
0,Y3Vyc29yOjQ2,Ramotion/folding-cell-android,https://github.com/Ramotion/folding-cell-android,4805,,0
0,Y3Vyc29yOjQ3,xinthink/react-native-material-kit,https://github.com/xinthink/react-native-material-kit,4779,,0
0,Y3Vyc29yOjQ5,wdullaer/MaterialDateTimePicker,https://github.com/wdullaer/MaterialDateTimePicker,4548,,0
0,Y3Vyc29yOjUw,zhanghai/Douya,https://github.com/zhanghai/Douya,4464,,0
0,Y3Vyc29yOjUy,Ashok-Varma/BottomNavigation,https://github.com/Ashok-Varma/BottomNavigation,4244,,0
0,Y3Vyc29yOjUz,JosephusPaye/Keen-UI,https://github.com/JosephusPaye/Keen-UI,3990,,0
0,Y3Vyc29yOjU0,xotahal/react-native-material-ui,https://github.com/xotahal/react-native-material-ui,3653,,0
0,Y3Vyc29yOjU1,Simonwep/pickr,https://github.com/Simonwep/pickr,3516,,0
0,Y3Vyc29yOjU2,arimorty/floatingsearchview,https://github.com/arimorty/floatingsearchview,3506,,0
0,Y3Vyc29yOjU3,codeestX/GeekNews,https://github.com/codeestX/GeekNews,3496,,0
0,Y3Vyc29yOjU4,blinkfox/hexo-theme-matery,https://github.com/blinkfox/hexo-theme-matery,3241,,0
0,Y3Vyc29yOjU5,moezbhatti/qksms,https://github.com/moezbhatti/qksms,3226,,0
0,Y3Vyc29yOjYw,nana-4/materia-theme,https://github.com/nana-4/materia-theme,3012,,0
0,Y3Vyc29yOjYx,andOTP/andOTP,https://github.com/andOTP/andOTP,2892,,0
0,Y3Vyc29yOjYy,ZieIony/Carbon,https://github.com/ZieIony/Carbon,2847,,0
