0,Y3Vyc29yOjE=,mui-org/material-ui,https://github.com/mui-org/material-ui,67313,0.0,
0,Y3Vyc29yOjI=,brillout/awesome-react-components,https://github.com/brillout/awesome-react-components,26431,72,
0,Y3Vyc29yOjM=,bvaughn/react-virtualized,https://github.com/bvaughn/react-virtualized,21408,0,
0,Y3Vyc29yOjQ=,enzymejs/enzyme,https://github.com/enzymejs/enzyme,19473,96.0,
0,Y3Vyc29yOjU=,necolas/react-native-web,https://github.com/necolas/react-native-web,18524,0,
0,Y3Vyc29yOjY=,chakra-ui/chakra-ui,https://github.com/chakra-ui/chakra-ui,16694,72.0,
0,Y3Vyc29yOjc=,Semantic-Org/Semantic-UI-React,https://github.com/Semantic-Org/Semantic-UI-React,12167,0,
0,Y3Vyc29yOjg=,microsoft/fluentui,https://github.com/microsoft/fluentui,11172,240.0,
0,Y3Vyc29yOjk=,ant-design/ant-design-mobile,https://github.com/ant-design/ant-design-mobile,8760,48.0,
0,Y3Vyc29yOjEw,rebassjs/rebass,https://github.com/rebassjs/rebass,7220,240.0,
0,Y3Vyc29yOjEx,uber/baseweb,https://github.com/uber/baseweb,6199,144.0,
0,Y3Vyc29yOjEy,react-ui-builder/structor,https://github.com/react-ui-builder/structor,5532,24,
0,Y3Vyc29yOjEz,nteract/nteract,https://github.com/nteract/nteract,5472,1116.0,
0,Y3Vyc29yOjE0,rsuite/rsuite,https://github.com/rsuite/rsuite,5390,120,
0,Y3Vyc29yOjE1,mobxjs/mobx-react,https://github.com/mobxjs/mobx-react,4716,96,
0,Y3Vyc29yOjE2,shakacode/react_on_rails,https://github.com/shakacode/react_on_rails,4692,120.0,
0,Y3Vyc29yOjE3,adobe/react-spectrum,https://github.com/adobe/react-spectrum,4456,240,
0,Y3Vyc29yOjE4,appbaseio/reactivesearch,https://github.com/appbaseio/reactivesearch,4376,312.0,
0,Y3Vyc29yOjE5,beautifulinteractions/beautiful-react-hooks,https://github.com/beautifulinteractions/beautiful-react-hooks,4227,120,
0,Y3Vyc29yOjIw,APSL/react-native-keyboard-aware-scroll-view,https://github.com/APSL/react-native-keyboard-aware-scroll-view,4144,264,
0,Y3Vyc29yOjIx,ant-design/ant-motion,https://github.com/ant-design/ant-motion,4101,48.0,
0,Y3Vyc29yOjIy,0wczar/airframe-react,https://github.com/0wczar/airframe-react,3492,360,
0,Y3Vyc29yOjIz,lingui/js-lingui,https://github.com/lingui/js-lingui,3037,288,
0,Y3Vyc29yOjI0,roylee0704/react-flexbox-grid,https://github.com/roylee0704/react-flexbox-grid,2810,252.0,
0,Y3Vyc29yOjI1,weui/react-weui,https://github.com/weui/react-weui,2759,768.0,
0,Y3Vyc29yOjI2,ElemeFE/element-react,https://github.com/ElemeFE/element-react,2610,120.0,
0,Y3Vyc29yOjI3,xiaolin/react-image-gallery,https://github.com/xiaolin/react-image-gallery,2577,168.0,
0,Y3Vyc29yOjI4,react-component/slider,https://github.com/react-component/slider,2463,120,
0,Y3Vyc29yOjI5,elrumordelaluz/reactour,https://github.com/elrumordelaluz/reactour,2259,24,
0,Y3Vyc29yOjMw,zhihu/griffith,https://github.com/zhihu/griffith,2142,24.0,
0,Y3Vyc29yOjMx,video-react/video-react,https://github.com/video-react/video-react,2081,132.0,
0,Y3Vyc29yOjMy,rcaferati/react-awesome-slider,https://github.com/rcaferati/react-awesome-slider,2060,192,
0,Y3Vyc29yOjMz,rnosov/react-reveal,https://github.com/rnosov/react-reveal,2031,24.0,
0,Y3Vyc29yOjM0,primefaces/primereact,https://github.com/primefaces/primereact,1938,24,
0,Y3Vyc29yOjM1,tabler/tabler-react,https://github.com/tabler/tabler-react,1697,120.0,
0,Y3Vyc29yOjM2,DevExpress/devextreme-reactive,https://github.com/DevExpress/devextreme-reactive,1626,48,
0,Y3Vyc29yOjM3,geist-org/react,https://github.com/geist-org/react,1624,0.0,
0,Y3Vyc29yOjM4,nexxtway/react-rainbow,https://github.com/nexxtway/react-rainbow,1546,144.0,
0,Y3Vyc29yOjM5,kentcdodds/advanced-react-patterns,https://github.com/kentcdodds/advanced-react-patterns,1497,0.0,
0,Y3Vyc29yOjQw,beizhedenglong/rough-charts,https://github.com/beizhedenglong/rough-charts,1465,2808,
0,Y3Vyc29yOjQx,siriwatknp/mui-treasury,https://github.com/siriwatknp/mui-treasury,1455,48,
0,Y3Vyc29yOjQy,react-cropper/react-cropper,https://github.com/react-cropper/react-cropper,1418,2712,
0,Y3Vyc29yOjQz,feathericons/react-feather,https://github.com/feathericons/react-feather,1393,168.0,
0,Y3Vyc29yOjQ0,vazco/uniforms,https://github.com/vazco/uniforms,1375,48,
0,Y3Vyc29yOjQ1,myxvisual/react-uwp,https://github.com/myxvisual/react-uwp,1145,108.0,
0,Y3Vyc29yOjQ2,jaywcjlove/awesome-uikit,https://github.com/jaywcjlove/awesome-uikit,1138,0,
0,Y3Vyc29yOjQ3,jakubgarfield/expenses,https://github.com/jakubgarfield/expenses,1106,24,
0,Y3Vyc29yOjQ4,couds/react-bulma-components,https://github.com/couds/react-bulma-components,1018,96,
0,Y3Vyc29yOjQ5,gilbarbara/react-inlinesvg,https://github.com/gilbarbara/react-inlinesvg,957,240,
0,Y3Vyc29yOjUw,jrowny/react-absolute-grid,https://github.com/jrowny/react-absolute-grid,911,1740.0,
0,Y3Vyc29yOjUx,CVarisco/create-component-app,https://github.com/CVarisco/create-component-app,879,48,
0,Y3Vyc29yOjUy,thedevelobear/react-rewards,https://github.com/thedevelobear/react-rewards,860,1008,
0,Y3Vyc29yOjUz,ZhongAnTech/zarm,https://github.com/ZhongAnTech/zarm,833,24,
0,Y3Vyc29yOjU0,wix/wix-style-react,https://github.com/wix/wix-style-react,801,1032,
0,Y3Vyc29yOjU1,anubhavsrivastava/awesome-ui-component-library,https://github.com/anubhavsrivastava/awesome-ui-component-library,704,0,
0,Y3Vyc29yOjU2,ukrbublik/react-awesome-query-builder,https://github.com/ukrbublik/react-awesome-query-builder,693,264.0,
0,Y3Vyc29yOjU3,seeden/react-facebook,https://github.com/seeden/react-facebook,664,588.0,
0,Y3Vyc29yOjU4,blueberryapps/react-bluekit,https://github.com/blueberryapps/react-bluekit,658,24.0,
0,Y3Vyc29yOjU5,stephane-monnot/react-vertical-timeline,https://github.com/stephane-monnot/react-vertical-timeline,642,120.0,
0,Y3Vyc29yOjYw,mbasso/react-decoration,https://github.com/mbasso/react-decoration,641,96,
0,Y3Vyc29yOjYx,pivotal-cf/pivotal-ui,https://github.com/pivotal-cf/pivotal-ui,638,504,
0,Y3Vyc29yOjYy,sumup-oss/circuit-ui,https://github.com/sumup-oss/circuit-ui,630,1368.0,
0,Y3Vyc29yOjYz,kimmelsg/cj-upload,https://github.com/kimmelsg/cj-upload,588,0.0,
0,Y3Vyc29yOjY0,Detaysoft/react-chat-elements,https://github.com/Detaysoft/react-chat-elements,576,36.0,
0,Y3Vyc29yOjY1,digiaonline/react-foundation,https://github.com/digiaonline/react-foundation,573,336,
0,Y3Vyc29yOjY2,creativetimofficial/light-bootstrap-dashboard-react,https://github.com/creativetimofficial/light-bootstrap-dashboard-react,565,624,
0,Y3Vyc29yOjY3,react-theming/storybook-addon-material-ui,https://github.com/react-theming/storybook-addon-material-ui,517,240.0,
0,Y3Vyc29yOjY4,infeng/react-viewer,https://github.com/infeng/react-viewer,504,48.0,
0,Y3Vyc29yOjY5,antvis/Graphin,https://github.com/antvis/Graphin,490,672,
0,Y3Vyc29yOjcw,10086XIAOZHANG/CP-DESIGN,https://github.com/10086XIAOZHANG/CP-DESIGN,466,0.0,
0,Y3Vyc29yOjcx,craig1123/react-recipes,https://github.com/craig1123/react-recipes,466,12.0,
0,Y3Vyc29yOjcy,spotify/reactochart,https://github.com/spotify/reactochart,462,1920,
0,Y3Vyc29yOjcz,patternfly/patternfly-react,https://github.com/patternfly/patternfly-react,458,480,
0,Y3Vyc29yOjc0,kulakowka/react-bulma,https://github.com/kulakowka/react-bulma,454,0.0,
0,Y3Vyc29yOjc1,dsznajder/vscode-es7-javascript-react-snippets,https://github.com/dsznajder/vscode-es7-javascript-react-snippets,445,48,
0,Y3Vyc29yOjc2,cloudinary/cloudinary-react,https://github.com/cloudinary/cloudinary-react,431,1368.0,
0,Y3Vyc29yOjc3,strapi/buffet,https://github.com/strapi/buffet,430,360,
0,Y3Vyc29yOjc4,brandonmowat/react-chat-ui,https://github.com/brandonmowat/react-chat-ui,429,564.0,
0,Y3Vyc29yOjc5,TroyAlford/react-jsx-parser,https://github.com/TroyAlford/react-jsx-parser,400,120.0,
0,Y3Vyc29yOjgw,instamobile/recipes-app-react-native,https://github.com/instamobile/recipes-app-react-native,395,3336,
0,Y3Vyc29yOjgx,ayrton/react-key-handler,https://github.com/ayrton/react-key-handler,386,240,
0,Y3Vyc29yOjgy,bem/bem-react,https://github.com/bem/bem-react,384,312,
0,Y3Vyc29yOjgz,XiaoMi/hiui,https://github.com/XiaoMi/hiui,369,216.0,
0,Y3Vyc29yOjg0,bmcmahen/sancho,https://github.com/bmcmahen/sancho,369,60.0,
0,Y3Vyc29yOjg1,vortesnail/qier-player,https://github.com/vortesnail/qier-player,368,0.0,
0,Y3Vyc29yOjg2,ConsenSysMesh/rimble-ui,https://github.com/ConsenSysMesh/rimble-ui,364,444.0,
0,Y3Vyc29yOjg3,iansinnott/react-string-replace,https://github.com/iansinnott/react-string-replace,362,60.0,
0,Y3Vyc29yOjg4,dennismorello/react-awesome-reveal,https://github.com/dennismorello/react-awesome-reveal,361,24,
0,Y3Vyc29yOjg5,leefsmp/Re-Flex,https://github.com/leefsmp/Re-Flex,353,24.0,
0,Y3Vyc29yOjkw,sarneeh/reaptcha,https://github.com/sarneeh/reaptcha,331,204.0,
