118;Y3Vyc29yOjExOQ==;aichbauer/styled-bootstrap-components;styled-bootstrap-components;https://github.com/aichbauer/styled-bootstrap-components;196;react-components;2018-03-06 19:48:13+00:00
126;Y3Vyc29yOjEyNw==;syncfusion/ej2-react-ui-components;ej2-react-ui-components;https://github.com/syncfusion/ej2-react-ui-components;173;react-components;2018-10-31 06:16:27+00:00
133;Y3Vyc29yOjEzNA==;xDae/styled-bootstrap;styled-bootstrap;https://github.com/xDae/styled-bootstrap;154;react-components;2017-05-21 16:12:06+00:00
134;Y3Vyc29yOjEzNQ==;shine-design/shine-design;shine-design;https://github.com/shine-design/shine-design;154;react-components;2018-08-29 15:50:54+00:00
135;Y3Vyc29yOjEzNg==;SAP/fundamental-react;fundamental-react;https://github.com/SAP/fundamental-react;152;react-components;2018-09-07 18:43:00+00:00
141;Y3Vyc29yOjE0Mg==;contentful/forma-36;forma-36;https://github.com/contentful/forma-36;142;react-components;2018-10-19 13:00:05+00:00
144;Y3Vyc29yOjE0NQ==;vtex/styleguide;styleguide;https://github.com/vtex/styleguide;139;react-components;2017-04-20 15:28:03+00:00
145;Y3Vyc29yOjE0Ng==;brainly/style-guide;style-guide;https://github.com/brainly/style-guide;138;react-components;2015-06-18 13:12:08+00:00
161;Y3Vyc29yOjE2Mg==;fluent-org/fluent-windows;fluent-windows;https://github.com/fluent-org/fluent-windows;119;react-components;2019-07-14 10:33:02+00:00
171;Y3Vyc29yOjE3Mg==;tranbathanhtung/re-jok;re-jok;https://github.com/tranbathanhtung/re-jok;102;react-components;2018-05-24 13:59:11+00:00
