mui-org/material-ui,2014-08-18T19:11:54Z,44.81203007518797,2
brillout/awesome-react-components,2016-06-24T15:19:33Z,0.0,12
bvaughn/react-virtualized,2015-11-03T00:48:07Z,0.74,8
enzymejs/enzyme,2015-11-10T21:45:38Z,0.0,20
necolas/react-native-web,2015-06-09T19:25:38Z,2.91,4
chakra-ui/chakra-ui,2019-08-17T14:27:54Z,398.18,2
Semantic-Org/Semantic-UI-React,2015-06-19T16:47:19Z,2.41,9
microsoft/fluentui,2016-06-06T15:03:44Z,1386.8,3
ant-design/ant-design-mobile,2015-11-30T03:33:06Z,18.62,4
rebassjs/rebass,2015-02-11T14:48:09Z,0.65,7
uber/baseweb,2018-03-09T01:32:10Z,107.42,1
react-ui-builder/structor,2015-10-17T15:49:40Z,6.38,0
nteract/nteract,2015-06-15T23:21:49Z,11.32,2
rsuite/rsuite,2016-06-06T02:27:46Z,18.76,3
mobxjs/mobx-react,2015-08-28T11:09:05Z,0.53,10
shakacode/react_on_rails,2015-08-20T20:31:54Z,0.0,5
adobe/react-spectrum,2019-09-13T23:32:51Z,0.0,7
appbaseio/reactivesearch,2017-02-15T15:21:24Z,59.62,4
beautifulinteractions/beautiful-react-hooks,2019-12-18T19:50:43Z,6.82,3
APSL/react-native-keyboard-aware-scroll-view,2015-10-20T18:22:34Z,6.57,28
ant-design/ant-motion,2016-02-17T02:48:28Z,2.33,6
lingui/js-lingui,2017-01-17T17:26:46Z,11.08,5
roylee0704/react-flexbox-grid,2015-11-16T07:47:50Z,0.55,25
weui/react-weui,2015-10-12T06:10:32Z,0.91,7
ElemeFE/element-react,2016-10-18T06:56:20Z,8.46,3
xiaolin/react-image-gallery,2015-02-27T23:41:41Z,7.18,15
react-component/slider,2015-04-19T07:30:44Z,3.01,22
elrumordelaluz/reactour,2017-03-17T18:43:49Z,2.95,5
zhihu/griffith,2019-03-22T06:08:17Z,4.85,0
video-react/video-react,2016-09-29T00:10:58Z,1.54,2
rcaferati/react-awesome-slider,2016-06-12T18:45:33Z,2.07,2
rnosov/react-reveal,2016-10-11T17:58:52Z,0.0,0
primefaces/primereact,2016-12-16T15:56:27Z,18.52,19
tabler/tabler-react,2018-04-12T21:32:09Z,19.33,35
DevExpress/devextreme-reactive,2017-03-17T07:10:12Z,21.08,4
geist-org/react,2020-03-18T17:14:17Z,66.36,1
nexxtway/react-rainbow,2018-08-28T05:34:53Z,14.83,2
kentcdodds/advanced-react-patterns,2019-02-11T21:46:26Z,0.0,0
beizhedenglong/rough-charts,2019-10-04T05:19:54Z,0.0,0
siriwatknp/mui-treasury,2019-03-11T16:21:23Z,0.0,1
react-cropper/react-cropper,2015-05-06T06:32:36Z,2.02,2
feathericons/react-feather,2017-06-14T11:01:13Z,0.0,54
vazco/uniforms,2016-05-10T13:08:50Z,0.0,6
myxvisual/react-uwp,2017-01-09T04:20:58Z,0.7,3
jaywcjlove/awesome-uikit,2017-12-07T16:33:57Z,0.0,0
jakubgarfield/expenses,2017-06-06T04:53:58Z,0.0,6
couds/react-bulma-components,2017-09-18T15:14:39Z,9.52,12
gilbarbara/react-inlinesvg,2014-03-23T05:04:09Z,4.39,19
jrowny/react-absolute-grid,2015-06-11T20:02:58Z,0.0,60
CVarisco/create-component-app,2017-06-27T20:41:11Z,1.85,2
thedevelobear/react-rewards,2018-11-12T23:28:34Z,0.0,16
ZhongAnTech/zarm,2016-07-13T11:45:37Z,10.74,2
wix/wix-style-react,2016-11-14T14:37:00Z,0.0,2
anubhavsrivastava/awesome-ui-component-library,2018-11-25T07:32:19Z,0.0,0
ukrbublik/react-awesome-query-builder,2017-07-26T12:07:17Z,13.98,3
seeden/react-facebook,2016-02-21T17:31:51Z,4.27,22
blueberryapps/react-bluekit,2015-11-24T13:17:51Z,1.67,2
stephane-monnot/react-vertical-timeline,2017-10-26T22:06:31Z,2.31,20
mbasso/react-decoration,2016-09-27T20:59:55Z,1.54,5
pivotal-cf/pivotal-ui,2014-05-16T18:52:56Z,3.18,5
sumup-oss/circuit-ui,2017-06-26T09:57:50Z,59.21,4
kimmelsg/cj-upload,2016-08-30T03:15:37Z,6.49,2
Detaysoft/react-chat-elements,2017-07-30T18:46:29Z,16.17,8
digiaonline/react-foundation,2016-03-10T19:58:03Z,1.96,8
creativetimofficial/light-bootstrap-dashboard-react,2017-09-19T14:03:33Z,0.28,61
react-theming/storybook-addon-material-ui,2016-09-13T08:30:16Z,3.93,3
infeng/react-viewer,2016-09-29T14:57:05Z,8.81,39
antvis/Graphin,2019-11-06T13:15:50Z,5.56,26
craig1123/react-recipes,2019-10-25T02:01:29Z,0.0,2
spotify/reactochart,2016-01-07T20:58:18Z,6.64,4
patternfly/patternfly-react,2017-03-08T22:31:12Z,1805.12,6
kulakowka/react-bulma,2017-05-30T21:04:25Z,0.0,2
dsznajder/vscode-es7-javascript-react-snippets,2017-06-07T18:52:04Z,0.0,4
cloudinary/cloudinary-react,2016-08-30T10:56:20Z,6.28,20
strapi/buffet,2019-01-25T09:47:01Z,13.51,4
brandonmowat/react-chat-ui,2016-08-22T14:11:11Z,0.22,82
TroyAlford/react-jsx-parser,2017-01-30T00:28:31Z,9.98,2
instamobile/recipes-app-react-native,2019-07-23T03:53:48Z,0.0,0
ayrton/react-key-handler,2016-02-27T20:27:48Z,0.0,17
bem/bem-react,2016-06-01T16:16:02Z,6.98,4
XiaoMi/hiui,2018-10-08T10:10:20Z,24.21,2
bmcmahen/sancho,2019-02-25T20:50:06Z,0.0,0
vortesnail/qier-player,2019-10-14T12:54:21Z,0.0,0
ConsenSysMesh/rimble-ui,2018-07-10T18:24:51Z,4.35,5
iansinnott/react-string-replace,2016-02-03T23:22:02Z,1.16,37
dennismorello/react-awesome-reveal,2019-11-24T10:39:59Z,14.39,3
leefsmp/Re-Flex,2016-12-21T06:49:31Z,0.0,25
sarneeh/reaptcha,2018-05-29T08:55:50Z,0.0,3
React-Scope/React-Scope,2018-01-20T18:50:49Z,0.0,0
wwwaiser/react-js-pagination,2015-09-30T11:40:57Z,0.9,20
segunadebayo/chakra-ui,2019-06-06T23:07:21Z,0.0,0
avocode/react-shortcuts,2015-08-21T09:09:16Z,0.0,6
garrettmac/react-native-pagination,2017-07-17T16:41:59Z,0.0,5
ruby-hyperloop/hyper-react,2016-06-09T18:24:04Z,0.0,12
ibitcy/eo-locale,2018-05-10T13:59:53Z,2.73,0
twisty/formsy-react-components,2015-04-29T10:04:39Z,8.22,3
bcrumbs/reactackle,2017-06-15T17:17:16Z,0.0,10
philipp-spiess/react-recomponent,2018-06-02T13:05:01Z,2.79,0
pagarme/react-event-components,2016-11-05T15:22:59Z,0.0,11
JulienRioux/flawwwless-ui,2019-06-19T14:13:12Z,0.0,4
contiamo/operational-ui,2017-08-02T11:44:17Z,2.97,1
adexin/spinners-react,2020-02-12T13:05:47Z,0.0,70
Esri/react-arcgis,2017-03-17T19:06:37Z,0.74,3
coreui/coreui-react,2018-02-26T18:14:32Z,19.17,4
toomuchdesign/react-minimal-pie-chart,2017-03-13T11:35:57Z,0.0,3
alexeyraspopov/react-coroutine,2016-09-07T09:40:27Z,4.57,0
lilactown/hx,2018-06-08T15:02:28Z,1.4,14
juliancwirko/react-npm-boilerplate,2016-02-13T16:54:01Z,0.0,0
emortlock/tailwind-react-ui,2018-08-10T06:19:43Z,7.84,1
Yoshino-UI/Yoshino,2018-03-25T08:00:14Z,0.0,0
worldzhao/react-ui-library-tutorial,2019-12-18T01:59:46Z,0.0,0
jxnblk/nano-component,2017-07-25T21:56:54Z,0.0,0
Lodin/react-vtree,2017-12-25T10:10:21Z,3.33,1
creativetimofficial/notus-react,2020-09-01T07:23:16Z,3.28,0
aichbauer/styled-bootstrap-components,2018-03-06T19:48:13Z,0.0,15
ice-lab/react-materials,2019-04-02T13:14:12Z,0.49,3
upmostly/modali,2019-04-04T10:50:27Z,1.48,5
sapegin/react-components,2016-09-01T13:04:10Z,0.0,0
enactjs/enact,2016-09-08T00:14:51Z,19.78,6
alexanderwallin/react-player-controls,2016-06-10T10:19:54Z,0.0,2
Flagsmith/react-native-performance-monitor,2020-02-10T20:54:35Z,0.0,22
syncfusion/ej2-react-ui-components,2018-10-31T06:16:27Z,45.31,0
cerner/terra-core,2017-02-24T18:57:33Z,8.72,6
alibaba-fusion/materials,2018-06-29T06:24:31Z,0.0,2
ooade/react-rough,2017-03-23T00:47:21Z,2.22,1
KaiHotz/react-formik-ui,2018-06-03T13:20:33Z,0.0,0
xDae/styled-bootstrap,2017-05-21T16:12:06Z,0.77,2
calibreapp/react-live-chat-loader,2019-07-09T01:30:00Z,3.39,21
shine-design/shine-design,2018-08-29T15:50:54Z,6.49,0
prometheusresearch-archive/react-stylesheet,2015-09-04T10:00:32Z,0.0,2
SAP/fundamental-react,2018-09-07T18:43:00Z,11.15,2
atlassian/extract-react-types,2017-08-29T01:43:22Z,6.06,2
Metroxe/react-border-wrapper,2019-03-16T01:39:34Z,0.0,0
One-Nexus/Synergy,2015-07-21T22:58:45Z,4.36,0
rajinwonderland/react-code-blocks,2019-05-06T06:18:03Z,1.55,6
contentful/forma-36,2018-10-19T13:00:05Z,591.94,2
pierreericgarcia/react-step-progress-bar,2018-08-21T17:01:19Z,0.0,0
brainly/style-guide,2015-06-18T13:12:08Z,110.65,1
vtex/styleguide,2017-04-20T15:28:03Z,93.47,4
blakeembrey/react-free-style,2015-03-14T20:53:49Z,9.2,3
NorthwoodsSoftware/gojs-react,2019-10-21T17:43:14Z,0.0,0
TechniqueSoftware/react-json-schema,2015-10-01T18:11:24Z,0.9,34
RD17/react-trumbowyg,2016-11-09T18:18:57Z,0.0,1
martinnov92/React-Splitters,2017-02-25T09:35:07Z,0.24,0
codegeous/react-component-depot,2020-04-18T19:05:42Z,0.0,0
kensho-technologies/orama,2017-05-12T14:14:11Z,4.59,0
bentaylor2/react-structured-data,2017-12-13T21:34:59Z,0.6,24
shuiRong/Gakki,2018-12-14T15:15:02Z,2.58,0
brainhubeu/gatsby-docs-kit,2018-06-11T11:49:00Z,0.0,3
u-wave/react-vimeo,2017-04-24T18:58:06Z,3.78,2
Merri/react-lazy,2015-07-27T16:23:28Z,2.45,1
callstack/component-docs,2016-12-04T10:34:26Z,13.53,6
intellidev1991/react-native-image-slider-box,2019-07-31T13:58:08Z,0.0,20
sanity-io/block-content-to-react,2017-06-08T07:02:33Z,0.0,4
felangel/bloc.js,2019-08-11T05:01:32Z,3.57,4
heartexlabs/label-studio-frontend,2020-01-08T13:45:26Z,6.35,4
Turkyden/react-darkreader,2020-11-24T03:53:25Z,10.26,0
yahoo/jafar,2020-01-02T17:09:18Z,6.25,3
Talend/ui,2017-01-18T13:45:58Z,88.68,5
ashutosh1919/react-awesome-loaders,2021-01-06T06:36:41Z,3.7,0
ElemeFE/element,2016-09-03T06:19:26Z,28.63,4
vuetifyjs/vuetify,2016-09-12T00:39:35Z,83.88,8
iview/iview,2016-07-28T01:52:59Z,18.01,6
quasarframework/quasar,2015-10-05T15:45:36Z,77.03,3
airyland/vux,2016-02-15T03:23:27Z,15.12,20
ElemeFE/mint-ui,2016-05-17T09:54:10Z,2.24,0
surmon-china/vue-awesome-swiper,2016-10-05T17:15:44Z,1.99,159
didi/cube-ui,2017-11-03T06:17:27Z,22.03,5
epicmaxco/vuestic-admin,2017-07-31T11:52:40Z,4.58,17
surmon-china/vue-quill-editor,2016-12-15T14:38:40Z,0.0,15
lusaxweb/vuesax,2018-01-30T23:53:19Z,5.94,12
surmon-china/vue-video-player,2016-09-28T14:11:18Z,0.22,8
epicmaxco/epic-spinners,2017-12-05T09:05:15Z,1.79,46
shinygang/Vue-cnodejs,2015-08-14T08:30:53Z,0.0,0
didi/mand-mobile,2018-03-23T15:25:50Z,23.86,4
jdf2e/nutui,2018-01-22T01:50:28Z,13.0,5
xaboy/form-create,2018-02-11T03:25:40Z,0.0,1
learn-vuejs/vue-patterns,2018-04-23T04:47:13Z,0.0,26
pablohpsilva/vuejs-component-style-guide,2017-01-04T10:34:05Z,0.0,5
heyui/heyui,2017-03-17T06:56:58Z,20.1,4
view-design/ViewUI,2019-08-26T11:13:32Z,8.54,41
FE-Driver/vue-beauty,2016-08-08T03:40:10Z,4.49,2
halfrost/vue-objccn,2017-06-18T08:23:38Z,0.52,11
vue-styleguidist/vue-styleguidist,2017-06-11T20:44:36Z,69.27,1
surmon-china/vue-codemirror,2016-09-22T12:33:12Z,0.22,29
f/vue-wait,2017-07-07T23:03:42Z,3.45,18
miaolz123/vue-markdown,2016-05-08T08:42:00Z,0.0,19
vuestorefront/storefront-ui,2019-01-24T18:35:15Z,3.15,9
alvarotrigo/vue-fullpage.js,2018-01-10T13:25:10Z,3.68,15
matfish2/vue-tables-2,2016-09-12T20:40:50Z,0.87,48
gruhn/vue-qrcode-reader,2017-08-18T13:41:44Z,14.48,29
creotip/vue-particles,2017-04-27T06:14:38Z,0.0,2
lzxb/vue-cnode,2016-07-05T13:48:08Z,0.0,0
primefaces/primevue,2018-12-04T07:04:14Z,30.08,11
QingWei-Li/vue-trend,2017-03-10T19:46:48Z,0.0,14
SevenOutman/vue-aplayer,2016-11-22T13:04:29Z,3.42,87
nicolasbeauvais/vue-social-sharing,2016-10-20T15:06:25Z,12.95,16
chenqingspring/vue-lottie,2017-05-03T06:24:03Z,0.0,0
YvesCoding/vuescroll,2017-07-25T13:51:16Z,15.05,0
Semantic-UI-Vue/Semantic-UI-Vue,2017-08-25T10:11:54Z,7.97,12
meteor-vue/vue-meteor,2016-05-27T11:57:35Z,0.61,26
myliang/fish-ui,2017-09-30T13:23:13Z,0.0,0
QingWei-Li/vuep,2016-12-25T07:56:55Z,0.0,0
antonreshetov/vue-unicons,2019-02-05T18:28:12Z,5.02,70
JohMun/vue-tags-input,2017-12-26T16:38:58Z,0.0,17
artemsky/vue-snotify,2017-09-01T09:56:51Z,2.49,5
lokyoung/vuejs-paginate,2017-01-12T07:03:23Z,7.76,8
adeptoas/sweet-modal-vue,2017-03-02T16:02:35Z,0.97,8
hukaibaihu/vue-org-tree,2017-11-21T17:40:13Z,0.0,7
aliqin/atui,2016-09-04T03:00:38Z,1.74,4
mbj36/vue-burger-menu,2018-08-23T07:16:03Z,2.27,22
future-architect/cheetah-grid,2017-11-02T00:37:15Z,19.42,0
heynext/v-contextmenu,2017-11-03T10:24:33Z,6.38,1
ghettovoice/vuelayers,2017-03-04T23:33:24Z,18.73,2
visualfanatic/vue-svg-loader,2016-12-06T13:50:24Z,2.98,24
starkwang/vue-virtual-collection,2018-02-16T12:12:32Z,0.0,18
cretueusebiu/vform,2016-07-02T06:48:06Z,0.42,2
saintplay/vue-swatches,2017-12-24T04:37:10Z,3.32,69
surmon-china/vue-touch-ripple,2016-09-28T09:27:04Z,0.0,245
vue-gl/vue-gl,2017-09-03T21:51:38Z,10.53,2
adcentury/vue-weui,2015-11-19T01:53:53Z,0.37,0
creativetimofficial/vue-material-dashboard,2018-03-08T15:36:21Z,2.58,10
hejianxian/vddl,2017-08-01T02:06:30Z,0.0,3
quatrochan/Equal,2019-10-15T14:40:47Z,0.0,1
GeekGhc/zhihu-app,2017-03-30T12:18:19Z,0.0,22
talkhabi/vue-persian-datetime-picker,2017-12-03T12:08:46Z,0.0,9
amsik/liquor-tree,2017-12-11T13:35:03Z,0.9,13
koddr/vue-goodshare,2017-10-29T15:33:33Z,4.34,2
drewjbartlett/vue-flickity,2016-12-05T23:14:55Z,0.0,84
shuiRong/vue-drag-tree,2017-06-15T04:42:36Z,0.0,1
KazanExpress/vue-simple-suggest,2018-03-02T14:29:02Z,3.53,3
coreui/coreui-vue,2018-02-26T18:15:21Z,18.21,13
matsp/material-components-vue,2017-08-25T16:48:42Z,6.59,4
Orlandster/vue-page-transition,2019-04-06T12:07:25Z,2.97,0
Wscats/vue-awesome-mui,2017-07-21T07:26:27Z,0.0,0
vinayakkulkarni/v-offline,2017-09-14T08:45:35Z,3.63,3
lusaxweb/vuenut,2018-03-27T22:03:11Z,0.98,0
hzlshen/vue-project,2017-06-22T07:04:45Z,0.0,0
heavyy/vue-intersect,2017-08-13T05:30:02Z,1.91,7
mcibique/vue-testing-examples,2018-02-13T22:01:11Z,0.0,34
ngVue/ngVue,2016-08-13T13:33:28Z,4.5,3
ScoutYin/ly-tab,2018-03-02T08:12:02Z,0.0,4
l-hammer/v-track,2019-04-07T10:54:06Z,10.89,0
jeffreyguenther/vue-turbolinks,2017-04-04T19:02:50Z,0.74,3
runkids/Imagvue,2018-08-04T20:50:37Z,0.0,0
janiskelemen/formvuelar,2018-10-24T17:46:32Z,13.36,0
pexea12/vue-image-lightbox,2016-12-06T18:28:25Z,5.05,15
Saeris/vue-spinners,2018-08-17T08:20:17Z,0.0,1
jarvelov/vue-form-json-schema,2017-12-04T06:55:08Z,1.49,17
vueonrails/vueonrails,2016-03-11T16:12:38Z,0.0,0
petehouston/vue-ui-framework,2016-11-17T06:28:32Z,0.0,5
wdfe/wdui,2017-04-26T06:28:30Z,4.28,0
cristijora/vue-tabs,2017-04-20T10:48:02Z,2.51,4
neighborhood999/vue-signature-pad,2018-01-31T03:11:47Z,5.31,8
xiaoai7904/web_designer,2019-03-25T10:00:01Z,0.49,0
ivanlori/Vuemmerce,2017-10-27T21:06:06Z,0.0,33
antonreshetov/vue-glide,2018-07-23T09:36:19Z,2.2,1
gwenaelp/vue-diagrams,2018-04-12T01:06:07Z,0.0,0
luiguild/v-bar,2017-03-22T17:43:38Z,0.0,26
rhwilr/vue-nestable,2018-09-26T07:31:40Z,10.59,6
SmokingRabbit/amaze-vue,2017-08-30T07:44:37Z,0.0,1
jinkin1995/vue-json-edit,2017-10-24T00:20:23Z,0.0,22
arturmiz/vuent,2018-01-23T23:17:28Z,2.17,4
SinanMtl/vue-rate,2017-05-05T12:31:42Z,1.01,117
VueGWT/vue-gwt,2016-12-23T16:20:08Z,1.86,24
lx544690189/vue-mobile-calendar,2017-07-03T15:30:48Z,0.0,2
KamilOcean/vue-sticker,2017-10-15T18:57:48Z,0.0,0
drewjbartlett/vue-switches,2017-01-16T06:06:11Z,0.0,9
ignoreintuition/v-chart-plugin,2018-08-28T03:19:34Z,2.28,2
rubanraj54/vue-bootstrap4-table,2018-12-15T11:21:06Z,4.29,3
brandonxiang/vueleaflet,2016-04-28T09:43:05Z,0.0,0
DOkwufulueze/eth-vue,2017-09-13T02:13:14Z,0.0,0
karakanb/vue-info-card,2017-08-27T22:30:42Z,0.55,4
SAP/fundamental-vue,2018-11-21T15:53:54Z,12.5,4
timtnleeProject/vuejs-clipper,2018-08-13T14:40:29Z,3.0,1
isaaclyman/Viano,2018-04-07T19:27:56Z,0.0,2
ms-design/ms-design,2018-12-20T08:09:32Z,0.0,1
GerkinDev/vuejs-datatable,2016-10-24T14:57:15Z,0.45,2
ikismail/Vue-ShoppingCart,2018-10-02T10:39:34Z,0.0,0
auth0-blog/vuejs2-authentication-tutorial,2017-04-10T05:49:24Z,0.0,10
potato4d/vue-fixed-header,2017-12-30T16:42:38Z,1.22,8
edgardleal/require-vuejs,2017-03-07T00:47:47Z,0.0,0
balmjs/balm-ui,2016-10-17T02:43:43Z,0.0,0
ZYSzys/vue-canvas-nest,2018-06-23T07:48:14Z,2.49,0
greedying/vux-uploader,2017-02-24T12:13:58Z,0.0,57
igaster/laravel_cities,2017-02-28T12:48:15Z,4.36,9
Hokid/vue-loaders,2018-02-23T01:54:49Z,2.87,0
TerryZ/v-dialogs,2018-04-16T01:49:51Z,1.33,0
antonreshetov/vue-form-components,2018-09-21T06:53:04Z,0.78,0
surmon-china/surmon-china.github.io,2018-09-02T16:16:12Z,0.0,102
juijs/vue-graph,2018-06-26T14:39:14Z,8.57,70
surmon-china/vue-drag-zone,2016-12-21T12:58:56Z,0.0,0
LouisMazel/maz-ui,2019-12-25T19:37:27Z,33.85,2
jsnanigans/vue-parallax-js,2017-02-18T14:50:49Z,0.0,116
matheusgrieger/vue-clazy-load,2017-08-17T20:05:59Z,0.27,0
richardtallent/vue-stars,2017-10-25T06:09:43Z,0.0,0
wencaizhang/ActionVue,2018-12-29T04:08:05Z,1.31,0
TonPC64/vue-spinkit,2018-04-19T14:30:16Z,0.33,0
Morning-UI/morning-ui,2017-09-24T12:07:56Z,35.96,0
k186/pd-select,2017-04-27T01:41:22Z,1.26,0
google/material-design-lite,2015-01-14T22:01:33Z,2.24,4
material-components/material-components-web,2016-12-05T16:04:09Z,1.61,4
material-components/material-components-android,2016-12-05T16:11:29Z,8.03,1
mikepenz/MaterialDrawer,2015-01-31T17:37:10Z,35.59,3
KeepSafe/TapTargetView,2016-09-11T09:07:36Z,4.79,10
mikepenz/Android-Iconics,2014-11-01T19:43:56Z,17.67,2
